Coronavirus in Rheinland-Pfalz,,,,,,,,,,,,,,,,,,,,,,,,,,,,,,,,,,,,,,,,,,,,,,,,,,,,,,,,,,,,,,,,,,,,,,,,,,,,,,,,,,,,,,,,,,,,,,,,,,,,,,,,,,,,,,,,,,,,,,,,,,,,,,,,,,,,,,,,,,,,,,,,,,,,,,,,,,,,,,,,,,,,,,,,,,,,,,,,,,,,,,,,,,,,,,,,,,,,,,,,,,,,,,,,,,,,,,,,,,,,,,,,,,,,,,,,,,,,,,,,,,,,,,,,,,,,,,,,,,,,,,,,,,,,,,,,,,,,,,,,,,,,,,,,,,,,,,,,,,,,,,,,,,,,,,,,,,,,,,,,,,,,,,,,,,,,,,,,,,,,,,,,,,,,,,,,,,,,,,,,,,,,
Anzahl der Infizierten in Stadt-/Landkreisen,,,,,,,,,,,,,,,,,,,,,,,,,,,,,,,,,,,,,,,,,,,,,,,,,,,,,,,,,,,,,,,,,,,,,,,,,,,,,,,,,,,,,,,,,,,,,,,,,,,,,,,,,,,,,,,,,,,,,,,,,,,,,,,,,,,,,,,,,,,,,,,,,,,,,,,,,,,,,,,,,,,,,,,,,,,,,,,,,,,,,,,,,,,,,,,,,,,,,,,,,,,,,,,,,,,,,,,,,,,,,,,,,,,,,,,,,,,,,,,,,,,,,,,,,,,,,,,,,,,,,,,,,,,,,,,,,,,,,,,,,,,,,,,,,,,,,,,,,,,,,,,,,,,,,,,,,,,,,,,,,,,,,,,,,,,,,,,,,,,,,,,,,,,,,,,,,,,,,,,,,,,,
,,,,,,,,,,,,,,,,,,,,,,,,,,,,,,,,,,,,,,,,,,,,,,,,,,,,,,,,,,,,,,,,,,,,,,,,,,,,,,,,,,,,,,,,,,,,,,,,,,,,,,,,,,,,,,,,,,,,,,,,,,,,,,,,,,,,,,,,,,,,,,,,,,,,,,,,,,,,,,,,,,,,,,,,,,,,,,,,,,,,,,,,,,,,,,,,,,,,,,,,,,,,,,,,,,,,,,,,,,,,,,,,,,,,,,,,,,,,,,,,,,,,,,,,,,,,,,,,,,,,,,,,,,,,,,,,,,,,,,,,,,,,,,,,,,,,,,,,,,,,,,,,,,,,,,,,,,,,,,,,,,,,,,,,,,,,,,,,,,,,,,,,,,,,,,,,,,,,,,,,,,,,
,,,,,,,,,,,,,,,,,,,,,,,,,,,,,,,,,,,,,,,,,,,,,,,,,,,,,,,,,,,,,,,,,,,,,,,,,,,,,,,,,,,,,,,,,,,,,,,,,,,,,,,,,,,,,,,,,,,,,,,,,,,,,,,,,,,,,,,,,,,,,,,,,,,,,,,,,,,,,,,,,,,,,,,,,,,,,,,,,,,,,,,,,,,,,,,,,,,,,,,,,,,,,,,,,,,,,,,,,,,,,,,,,,,,,,,,,,,,,,,,,,,,,,,,,,,,,,,,,,,,,,,,,,,,,,,,,,,,,,,,,,,,,,,,,,,,,,,,,,,,,,,,,,,,,,,,,,,,,,,,,,,,,,,,,,,,,,,,,,,,,,,,,,,,,,,,,,,,,,,,,,,,
Landkreis,09.03.21,08.03.21,07.03.21,06.03.21,05.03.21,04.03.21,03.03.21,02.03.21,01.03.21,28.02.21,27.02.21,26.02.21,25.02.21,24.02.21,23.02.21,22.02.21,21.02.21,20.02.21,19.02.21,18.02.21,17.02.21,16.02.21,15.02.21,14.02.21,13.02.21,12.02.21,11.02.21,10.02.21,09.02.21,08.02.21,07.02.21,06.02.21,05.02.21,04.02.21,03.02.21,02.02.21,01.02.21,31.01.21,30.01.21,29.01.21,28.01.21,27.01.21,26.01.21,25.01.21,24.01.21,23.01.21,22.01.21,21.01.21,20.01.21,19.01.21,18.01.21,17.01.21,16.01.21,15.01.21,14.01.21,13.01.21,12.01.21,11.01.21,10.01.21,09.01.21,08.01.21,07.01.21,06.01.21,05.01.21,04.01.21,03.01.21,02.01.21,01.01.21,31.12.20,30.12.20,29.12.20,28.12.20,27.12.20,26.12.20,25.12.20,24.12.20,23.12.20,22.12.20,21.12.20,20.12.20,19.12.20,18.12.20,17.12.20,16.12.20,15.12.20,14.12.20,13.12.20,12.12.20,11.12.20,10.12.20,09.12.20,08.12.20,07.12.20,06.12.20,05.12.20,04.12.20,03.12.20,02.12.20,01.12.20,30.11.20,29.11.20,28.11.20,27.11.20,26.11.20,25.11.20,24.11.20,23.11.20,22.11.20,21.11.20,20.11.20,19.11.20,18.11.20,17.11.20,16.11.20,15.11.20,14.11.20,13.11.20,12.11.20,11.11.20,10.11.20,09.11.20,08.11.20,07.11.20,06.11.20,05.11.20,04.11.20,03.11.20,02.11.20,01.11.20,31.10.20,30.10.20,29.10.20,28.10.20,27.10.20,26.10.20,25.10.20,24.10.20,23.10.20,22.10.20,21.10.20,20.10.20,19.10.20,18.10.20,17.10.20,16.10.20,15.10.20,14.10.20,13.10.20,12.10.20,11.10.20,10.10.20,09.10.20,08.10.20,07.10.20,06.10.20,05.10.20,04.10.20,03.10.20,02.10.20,01.10.20,30.09.20,29.09.20,28.09.20,27.09.20,26.09.20,25.09.20,24.09.20,23.09.20,22.09.20,21.09.20,20.09.20,19.09.20,18.09.20,17.09.20,16.09.20,15.09.20,14.09.20,13.09.20,12.09.20,11.09.20,10.09.20,09.09.20,08.09.20,07.09.20,06.09.20,05.09.20,04.09.20,03.09.20,02.09.20,01.09.20,31.08.20,30.08.20,29.08.20,28.08.20,27.08.20,26.08.20,25.08.20,24.08.20,23.08.20,22.08.20,21.08.20,20.08.20,19.08.20,18.08.20,17.08.20,16.08.20,15.08.20,14.08.20,13.08.20,12.08.20,11.08.20,10.08.20,09.08.20,08.08.20,07.08.20,06.08.20,05.08.20,04.08.20,03.08.20,02.08.20,01.08.20,31.07.20,30.07.20,29.07.20,28.07.20,27.07.20,26.07.20,25.07.20,24.07.20,23.07.20,22.07.20,21.07.20,20.07.20,19.07.20,18.07.20,17.07.20,16.07.20,15.07.20,14.07.20,13.07.20,12.07.20,11.07.20,10.07.20,09.07.20,08.07.20,07.07.20,06.07.20,05.07.20,04.07.20,03.07.20,02.07.20,01.07.20,30.06.20,29.06.20,28.06.20,27.06.20,26.06.20,25.06.20,24.06.20,23.06.20,22.06.20,21.06.20,20.06.20,19.06.20,18.06.20,17.06.20,16.06.20,15.06.20,14.06.20,13.06.20,12.06.20,11.06.20,10.06.20,09.06.20,08.06.20,07.06.20,06.06.20,05.06.20,04.06.20,03.06.20,02.06.20,01.06.20,31.05.20,30.05.20,29.05.20,28.05.20,27.05.20,26.05.20,25.05.20,24.05.20,23.05.20,22.05.20,21.05.20,20.05.20,19.05.20,18.05.20,17.05.20,16.05.20,15.05.20,14.05.20,13.05.20,12.05.20,11.05.20,10.05.20,09.05.20,08.05.20,07.05.20,06.05.20,05.05.20,04.05.20,03.05.20,02.05.20,01.05.20,30.04.20,29.04.20,28.04.20,27.04.20,26.04.20,25.04.20,24.04.20,23.04.20,22.04.20,21.04.20,20.04.20,19.04.20,18.04.20,17.04.20,16.04.20,15.04.20,14.04.20,13.04.20,12.04.20,11.04.20,10.04.20,09.04.20,08.04.20,07.04.20,06.04.20,05.04.20,04.04.20,03.04.20,02.04.20,01.04.20,31.03.20,30.03.20,29.03.20,28.03.20,27.03.20,26.03.20,25.03.20,24.03.20,23.03.20,22.03.20,21.03.20,20.03.20,19.03.20,18.03.20,17.03.20,16.03.20,15.03.20,14.03.20,13.03.20,12.03.20,11.03.20
Ahrweiler,3098,3092,3079,3070,3062,3042,3031,3015,2991,2976,2963,2962,2944,2930,2911,2903,2890,2867,2858,2835,2821,2813,2803,2790,2759,2758,2741,2724,2713,2706,2699,2678,2678,2654,2632,2627,2622,2607,2587,2576,2545,2537,2518,2515,2476,2476,2468,2442,2430,2408,2400,2391,2381,2357,2335,2323,2304,2284,2252,2208,2208,2176,2148,2117,2106,2081,2061,2037,2031,2014,1981,1960,1924,1918,1918,1895,1881,1849,1839,1819,1775,1775,1745,1726,1697,1672,1645,1614,1614,1590,1563,1562,1543,1505,1487,1487,1464,1441,1415,1405,1385,1367,1348,1330,1301,1276,1262,1230,1227,1204,1176,1144,1096,1079,1027,1001,999,968,941,909,893,879,826,808,750,725,703,690,636,622,622,590,557,520,516,495,472,472,446,434,429,429,421,414,411,406,400,400,399,394,392,384,378,377,376,370,363,363,360,356,355,354,354,352,352,350,350,347,346,346,343,342,339,337,337,336,333,333,333,333,330,330,330,329,319,319,318,308,304,302,293,289,289,286,283,280,278,274,268,266,265,263,261,260,256,247,245,244,244,243,241,241,238,235,231,231,230,228,225,225,224,224,224,224,223,223,222,221,221,221,220,220,220,218,218,218,218,214,214,207,207,207,207,207,207,207,207,207,206,206,201,201,196,196,196,196,195,195,195,195,195,195,195,195,195,195,195,195,195,195,194,194,194,194,193,193,192,189,189,189,188,188,188,188,187,186,186,184,184,182,182,180,177,176,175,173,163,158,158,155,155,154,150,144,140,138,138,138,138,136,136,127,125,123,120,117,112,112,112,112,112,112,112,111,111,111,110,110,110,109,109,108,108,103,103,100,99,91,88,83,80,75,71,66,62,60,57,53,51,46,45,41,40,37,31,24,14,10,7,3,3,2,0,0
Altenkirchen,2771,2711,2711,2699,2699,2659,2624,2569,2569,2559,2543,2538,2482,2445,2422,2421,2403,2373,2361,2359,2331,2318,2312,2270,2268,2266,2238,2227,2222,2218,2214,2201,2201,2176,2171,2160,2142,2135,2122,2122,2088,2085,2079,2079,2051,2045,2032,2024,2015,2000,1991,1980,1964,1955,1942,1923,1879,1878,1875,1856,1856,1803,1789,1778,1761,1760,1753,1753,1738,1719,1699,1692,1689,1681,1678,1658,1641,1626,1624,1616,1573,1573,1564,1530,1480,1475,1434,1412,1406,1338,1318,1293,1287,1266,1225,1221,1199,1182,1162,1151,1101,1101,1101,1039,1037,1035,1031,1022,997,981,929,906,896,893,871,865,846,835,823,772,765,765,755,755,740,727,717,704,663,663,663,630,605,591,552,532,506,486,453,420,400,391,381,342,305,295,290,285,284,284,282,282,272,269,265,264,264,261,260,256,253,250,246,245,245,243,240,237,232,232,231,231,231,230,230,230,229,229,228,225,224,220,217,213,212,211,211,211,211,210,208,208,203,202,202,201,200,200,199,199,199,198,197,197,197,197,197,192,192,189,188,188,187,187,187,187,187,187,187,187,187,186,186,186,185,185,185,185,185,182,180,180,180,180,180,180,180,179,178,178,178,178,178,178,178,177,177,173,172,172,172,172,172,172,172,172,172,172,172,172,172,172,172,172,167,167,165,165,165,165,165,165,165,165,165,165,165,165,165,165,165,165,165,165,165,165,164,163,162,162,162,162,162,162,157,157,156,155,155,155,155,155,156,155,155,155,155,155,154,153,153,152,152,150,147,147,142,140,135,135,135,127,127,127,127,119,118,108,106,99,99,93,92,88,76,74,71,64,62,60,58,57,52,50,48,45,39,34,29,23,21,17,17,14,13,11,6,5,3,2,1,0,0,0
Alzey-Worms,3404,3398,3394,3389,3388,3375,3367,3356,3354,3351,3335,3332,3318,3308,3296,3292,3286,3274,3275,3266,3252,3244,3235,3220,3220,3212,3209,3201,3188,3173,3153,3130,3130,3119,3103,3085,3064,3060,3049,3042,3031,3012,2987,2981,2969,2957,2945,2913,2883,2858,2838,2828,2817,2808,2784,2754,2723,2701,2668,2664,2636,2595,2556,2529,2493,2484,2463,2447,2424,2407,2381,2362,2319,2308,2264,2260,2254,2205,2179,2137,2094,2060,2037,2018,1966,1958,1925,1895,1874,1833,1778,1737,1722,1667,1656,1635,1577,1561,1549,1533,1508,1457,1440,1384,1345,1315,1282,1261,1215,1177,1142,1102,1082,1054,1026,988,966,924,891,856,834,803,762,741,712,696,675,662,630,619,609,583,563,547,528,522,515,513,498,493,490,484,479,468,467,459,448,432,431,428,420,414,411,410,403,399,399,394,394,389,375,373,366,364,358,356,354,353,349,349,352,350,347,346,346,346,344,344,341,338,335,334,333,333,333,328,328,325,324,324,323,321,321,321,319,319,318,317,316,315,313,312,294,291,288,288,287,286,285,284,283,279,279,278,275,275,274,273,273,273,273,273,273,273,273,273,273,273,272,272,272,272,272,272,272,272,272,272,272,272,272,272,271,271,271,271,271,271,271,271,271,271,271,271,271,271,271,271,271,270,270,270,270,270,270,270,269,269,268,268,268,268,268,268,266,266,266,266,266,266,266,266,266,265,265,265,265,265,265,265,265,265,262,261,260,260,260,259,259,256,251,247,245,245,242,242,234,234,227,227,227,227,227,221,208,208,195,191,183,172,172,170,162,162,162,158,151,146,144,135,132,132,129,120,107,107,103,103,103,98,93,91,87,83,82,79,74,71,61,56,56,78,68,69,59,49,37,12,8,8,2,2,0,0
Bad Dürkheim,3190,3184,3182,3178,3174,3163,3156,3150,3146,3144,3143,3136,3130,3120,3116,3112,3111,3106,3104,3093,3084,3079,3073,3066,3059,3059,3043,3021,3011,3003,3000,2981,2981,2963,2935,2915,2898,2895,2875,2864,2820,2804,2767,2744,2738,2719,2700,2681,2620,2602,2583,2568,2558,2536,2513,2469,2427,2403,2391,2374,2343,2327,2275,2230,2211,2205,2198,2183,2168,2131,2079,2056,2054,2046,2014,1993,1962,1924,1901,1886,1872,1835,1801,1776,1747,1726,1703,1684,1671,1618,1582,1559,1540,1527,1490,1461,1412,1361,1342,1309,1270,1270,1262,1227,1201,1181,1169,1108,1108,1091,1046,1037,1008,973,949,933,899,898,871,850,821,798,780,780,761,717,711,686,681,669,656,616,616,573,562,546,543,536,517,507,498,495,475,475,466,457,450,441,422,422,408,408,399,394,391,390,389,389,387,385,384,383,382,378,378,377,374,371,371,369,365,365,365,364,364,362,361,361,361,361,357,356,355,354,354,353,353,352,351,350,350,350,349,349,348,348,348,348,348,348,348,345,345,345,340,340,340,339,334,334,333,333,333,333,332,332,332,331,330,330,330,330,330,330,329,329,329,329,329,329,329,329,329,329,329,329,329,329,329,329,329,329,329,329,329,329,329,329,329,329,329,329,329,329,329,329,329,329,329,329,329,329,329,329,329,330,330,329,329,329,327,327,326,326,326,326,326,326,325,324,324,324,324,324,324,324,324,324,324,324,324,324,324,324,324,324,324,324,324,320,318,317,316,316,316,316,316,316,315,315,315,315,314,320,321,318,316,316,312,309,309,307,305,304,301,288,288,279,275,273,271,268,254,254,244,234,230,222,220,207,200,189,179,170,162,160,146,136,118,111,109,94,83,72,56,48,35,19,16,15,13,7,6,4
Bad Kreuznach,4274,4265,4262,4260,4257,4247,4237,4227,4215,4211,4208,4196,4185,4177,4165,4146,4137,4114,4100,4091,4080,4065,4058,4053,4048,4043,4038,4020,4010,3988,3979,3972,3945,3921,3905,3868,3835,3830,3816,3798,3768,3724,3674,3629,3623,3608,3590,3576,3544,3488,3448,3429,3414,3342,3342,3296,3257,3207,3184,3152,3105,3049,2984,2920,2878,2853,2837,2796,2755,2671,2671,2616,2559,2511,2495,2461,2424,2380,2321,2291,2274,2241,2183,2145,2100,2061,1990,1944,1909,1852,1785,1747,1717,1681,1654,1639,1615,1586,1556,1523,1503,1481,1468,1421,1388,1338,1294,1244,1234,1221,1176,1112,1062,1028,961,953,918,881,858,838,801,783,772,763,733,709,696,677,661,641,630,610,575,553,501,484,484,484,463,455,438,430,414,414,414,406,406,404,385,379,379,378,370,366,355,352,342,342,342,337,332,328,327,327,327,326,324,322,322,321,317,317,317,311,307,306,306,306,306,304,302,301,300,295,291,291,291,291,290,285,284,281,281,280,272,271,271,263,263,263,255,250,250,247,241,234,234,232,224,216,214,214,211,211,211,210,208,208,207,207,207,207,206,206,206,206,206,206,206,205,204,204,204,204,204,204,204,204,204,203,203,203,203,203,203,203,203,203,203,202,202,202,202,202,202,202,202,202,202,202,202,201,201,201,201,201,200,199,199,199,199,199,198,198,198,198,198,198,198,198,196,196,196,196,196,196,196,196,196,196,196,196,196,196,196,196,196,196,196,195,195,193,193,193,193,192,192,192,189,187,187,187,187,186,186,186,186,186,186,184,182,178,177,166,166,166,162,160,154,148,145,145,145,145,145,141,136,135,131,131,127,108,108,95,59,59,59,59,59,54,49,37,37,37,23,23,21,19,13,13,13,0,0,1
Bernkastel-Wittlich,2097,2088,2088,2085,2080,2077,2071,2068,2067,2067,2066,2064,2063,2058,2051,2037,2036,2025,2013,1993,1979,1968,1963,1962,1960,1958,1955,1950,1944,1937,1935,1926,1923,1916,1912,1907,1902,1902,1900,1898,1890,1881,1877,1848,1848,1835,1819,1815,1809,1798,1784,1783,1778,1768,1753,1731,1718,1688,1684,1678,1667,1648,1631,1615,1574,1570,1562,1556,1546,1539,1522,1491,1482,1476,1475,1460,1452,1436,1413,1407,1386,1386,1354,1343,1315,1286,1279,1251,1248,1204,1185,1159,1144,1141,1119,1117,1108,1091,1085,1079,1077,1075,1066,1052,1044,1041,1022,1018,1007,993,985,970,943,932,912,898,877,865,847,811,796,779,755,737,720,703,660,656,635,620,615,577,539,522,503,476,464,456,422,391,368,364,341,337,336,318,315,303,299,298,291,290,288,288,282,279,273,270,270,268,263,260,255,255,254,254,253,252,248,244,243,243,243,243,242,240,239,238,238,238,237,235,235,234,234,234,233,233,232,231,231,231,230,230,230,230,229,225,225,225,224,223,220,218,218,217,214,214,214,214,214,214,215,211,211,209,209,209,209,209,209,208,207,206,203,203,203,197,196,193,189,187,187,186,185,184,182,182,182,182,182,181,181,181,180,178,178,178,178,177,177,177,176,176,176,175,174,173,173,171,171,171,171,169,168,167,167,167,167,166,166,166,166,166,166,165,164,164,162,162,162,162,161,161,159,158,154,154,154,154,154,154,154,153,153,153,153,151,151,147,145,144,143,140,140,140,135,134,133,133,133,132,131,130,129,128,128,128,127,127,127,124,123,122,122,122,121,116,116,114,111,111,110,107,98,94,87,85,80,76,75,67,67,62,57,49,46,39,33,30,28,22,21,18,16,9,7,6,4,4,4,3,3,1
Birkenfeld,2282,2278,2278,2273,2257,2257,2249,2239,2238,2236,2225,2224,2212,2197,2189,2170,2166,2163,2133,2119,2104,2096,2084,2079,2067,2061,2036,2018,2002,1997,1997,1993,1977,1977,1949,1942,1922,1912,1897,1884,1875,1858,1831,1798,1798,1768,1747,1715,1642,1618,1608,1596,1590,1566,1534,1520,1506,1489,1478,1470,1423,1423,1413,1404,1373,1373,1364,1350,1344,1340,1320,1318,1315,1313,1310,1303,1297,1287,1274,1248,1248,1234,1217,1191,1166,1160,1152,1119,1119,1078,1062,1062,1054,1047,1038,1038,1002,990,971,945,919,910,910,889,842,842,816,806,805,795,779,752,739,710,679,660,647,604,599,593,584,555,555,541,511,502,478,469,447,434,425,384,349,336,324,309,299,282,270,261,232,230,226,213,194,144,141,140,138,138,137,136,127,124,124,123,123,123,123,123,123,123,123,123,123,123,123,123,123,123,123,123,122,122,121,121,120,120,120,119,119,119,119,119,119,119,119,119,119,117,117,117,117,117,114,114,114,113,113,105,103,103,101,100,98,98,98,98,94,94,94,94,94,93,93,93,93,93,93,93,93,93,93,93,93,93,93,93,93,93,93,93,92,92,92,92,92,92,92,91,91,91,91,91,91,91,90,90,90,90,90,90,90,90,90,90,90,90,90,90,90,90,90,90,90,90,90,90,90,90,90,90,90,90,90,90,90,90,90,90,89,89,89,89,89,89,89,88,88,88,88,88,88,88,87,85,85,85,85,84,84,84,84,84,84,84,84,84,84,84,84,83,83,83,81,81,80,80,80,80,78,77,73,70,70,68,68,66,66,64,64,62,62,58,51,47,47,46,46,44,40,39,31,31,30,29,27,23,19,17,17,10,5,5,5,4,2,1,0,0,0,0,0,0
Bitburg-Prüm,2375,2366,2363,2355,2355,2354,2350,2346,2334,2331,2320,2320,2319,2305,2299,2273,2272,2255,2243,2237,2215,2200,2179,2176,2165,2165,2143,2127,2116,2106,2097,2095,2092,2087,2086,2081,2079,2069,2065,2065,2056,2049,2044,2035,2025,2016,2011,2005,1995,1991,1985,1978,1977,1977,1956,1948,1939,1925,1919,1916,1907,1900,1882,1877,1829,1823,1823,1820,1788,1787,1768,1727,1726,1726,1725,1708,1701,1681,1644,1633,1611,1608,1568,1561,1538,1516,1507,1504,1497,1465,1450,1441,1418,1402,1383,1351,1340,1335,1325,1257,1233,1214,1213,1193,1179,1177,1151,1149,1127,1114,1092,1064,1056,1033,1019,1011,1007,977,968,952,928,922,898,892,876,871,847,827,805,795,783,759,754,737,699,676,657,647,622,589,572,540,520,506,489,458,452,435,409,383,356,351,326,321,321,318,316,314,311,309,307,307,306,305,304,304,300,300,300,300,300,300,299,299,299,299,299,299,299,296,296,294,292,292,292,290,290,288,288,288,285,284,284,284,283,282,282,281,281,281,281,279,277,277,277,275,274,273,272,272,272,272,269,263,263,262,259,258,256,251,251,251,244,244,242,242,235,234,234,230,230,228,225,215,215,215,211,206,205,204,200,199,199,199,199,199,199,199,199,199,199,199,199,199,199,198,197,197,197,187,187,187,187,187,185,185,185,184,184,184,184,184,184,184,184,184,184,184,184,184,184,184,184,184,184,184,184,184,184,184,184,184,184,183,183,183,183,183,183,182,181,179,178,178,177,177,177,176,175,174,174,174,172,172,169,167,167,167,165,161,160,160,160,156,156,151,149,145,132,132,129,128,128,128,126,126,125,123,121,119,115,113,103,97,93,91,79,77,54,49,49,46,44,39,32,29,22,21,16,12,6,4,1,1
Cochem-Zell,1552,1552,1548,1547,1546,1543,1537,1533,1527,1521,1520,1520,1514,1507,1507,1501,1498,1495,1493,1480,1459,1442,1438,1431,1426,1416,1405,1381,1369,1364,1364,1364,1353,1347,1346,1333,1330,1327,1321,1317,1309,1299,1286,1285,1274,1257,1249,1228,1203,1191,1187,1185,1169,1164,1153,1143,1132,1123,1118,1112,1110,1096,1075,1066,1060,1051,1046,1040,1034,1026,1012,1011,1008,1005,997,987,970,948,937,919,902,894,878,853,832,825,813,796,796,794,773,757,746,741,732,725,708,699,684,680,673,661,658,649,637,621,607,590,584,579,570,555,536,532,507,496,488,463,440,417,411,390,390,383,375,359,338,333,325,318,306,295,282,277,276,250,245,239,230,219,205,202,200,194,190,187,181,179,177,176,174,174,174,174,174,174,174,173,172,170,170,170,169,169,169,169,169,169,169,169,169,169,168,164,160,160,160,160,160,160,154,154,154,154,153,153,153,153,153,153,153,153,153,149,147,147,147,146,146,146,146,146,146,144,144,144,144,143,143,141,141,141,140,140,138,138,138,138,138,138,138,138,138,138,138,138,138,138,138,138,138,138,138,138,138,138,138,138,138,138,138,138,138,138,138,138,138,138,138,137,137,137,137,137,137,137,137,137,136,136,135,135,135,134,134,134,134,134,134,134,134,134,134,131,131,131,131,131,131,129,129,129,129,129,129,129,128,128,128,128,128,128,128,128,128,128,128,128,128,128,128,127,127,127,127,127,127,127,127,127,127,127,127,127,126,126,126,126,126,126,126,126,124,124,124,124,122,122,121,121,121,121,121,121,121,121,116,116,116,116,113,112,108,100,99,97,90,41,40,40,40,40,40,40,38,32,29,23,11,6,3,2,0,0
Donnersbergkreis,1625,1625,1624,1624,1620,1615,1606,1605,1602,1599,1595,1586,1586,1582,1580,1580,1577,1577,1573,1564,1555,1550,1547,1543,1543,1536,1529,1523,1518,1510,1509,1503,1499,1488,1474,1464,1455,1444,1444,1436,1429,1413,1406,1401,1396,1385,1379,1373,1360,1339,1328,1318,1315,1309,1293,1270,1246,1227,1216,1196,1189,1154,1154,1131,1109,1109,1107,1101,1086,1078,1066,1057,1052,1049,1043,1029,1002,993,990,981,960,943,920,894,879,864,858,844,835,817,805,795,787,779,771,764,755,739,729,724,721,695,695,675,660,643,631,624,596,584,559,536,513,508,499,470,441,428,412,395,382,344,344,344,328,320,302,301,298,294,281,258,252,241,238,227,227,227,221,216,212,209,208,208,208,205,203,200,194,193,193,185,184,184,184,184,184,184,184,183,183,183,183,182,182,182,182,182,182,181,175,175,175,171,171,169,169,169,169,164,164,164,161,161,158,158,158,157,157,156,156,156,156,154,152,152,152,152,152,152,152,152,151,151,151,149,149,148,141,141,140,139,139,139,139,139,138,138,138,138,138,138,138,138,138,138,138,138,138,138,138,138,138,138,138,138,138,138,138,138,138,138,138,138,138,138,138,138,138,138,137,137,137,137,137,137,137,137,137,137,137,137,137,137,137,137,137,137,137,137,137,137,137,137,136,136,136,136,136,135,135,135,135,135,135,135,135,135,134,134,134,134,133,133,133,133,133,133,133,132,130,126,125,125,125,119,119,119,119,119,118,118,118,118,116,116,114,114,114,114,112,112,110,105,105,105,105,101,99,97,87,87,87,86,81,75,73,71,70,70,68,63,60,59,58,52,52,50,35,32,32,29,17,17,12,12,9,2,2,2,2,2,1,0
Germersheim,3725,3708,3704,3673,3670,3658,3637,3580,3550,3536,3507,3502,3478,3452,3418,3398,3395,3359,3350,3327,3301,3265,3238,3234,3216,3210,3189,3180,3161,3143,3142,3129,3129,3116,3106,3086,3070,3068,3050,3047,3025,3007,2993,2978,2980,2962,2956,2941,2926,2887,2870,2862,2849,2842,2811,2793,2772,2750,2704,2699,2681,2568,2563,2554,2543,2540,2538,2534,2483,2463,2451,2418,2369,2363,2338,2308,2272,2263,2263,2247,2229,2208,2173,2131,2086,2054,2018,1987,1980,1912,1866,1858,1823,1802,1765,1758,1729,1696,1650,1636,1625,1590,1582,1527,1490,1466,1442,1425,1377,1360,1317,1253,1213,1192,1176,1152,1139,1087,1054,1029,1002,955,925,915,881,848,808,782,689,689,663,633,584,575,549,538,522,522,500,492,463,459,452,448,448,440,426,424,419,419,414,410,396,392,389,389,378,378,369,367,363,362,357,357,353,353,346,345,340,339,339,339,336,335,332,309,308,308,305,305,303,301,301,297,297,297,297,290,287,284,284,283,281,278,276,273,268,262,261,258,256,244,234,233,226,226,220,217,216,214,214,214,213,209,208,208,207,207,201,200,200,200,200,200,200,200,200,200,200,200,200,199,199,199,199,199,199,199,197,197,197,195,193,188,188,187,187,187,187,187,170,170,161,160,154,151,149,147,146,146,146,145,145,145,145,145,145,145,145,145,145,145,145,145,145,145,145,145,145,145,145,145,145,145,145,146,146,146,146,146,146,146,146,144,142,141,141,140,140,139,139,139,138,138,138,138,138,138,137,137,137,137,137,137,137,137,135,134,134,134,133,130,125,124,122,117,117,115,114,114,114,114,113,102,101,96,91,91,91,84,71,71,67,68,62,59,56,51,45,32,25,25,25,25,22,11,10,8,8,4,4,2,2,1
Kaiserslautern,2763,2763,2762,2759,2755,2751,2744,2741,2741,2740,2740,2735,2733,2727,2721,2720,2709,2709,2703,2698,2696,2689,2688,2686,2686,2686,2675,2673,2667,2667,2650,2650,2639,2627,2600,2580,2557,2545,2545,2526,2495,2485,2470,2456,2445,2434,2424,2405,2379,2360,2341,2327,2326,2319,2296,2265,2256,2238,2207,2205,2187,2152,2123,2091,2048,2018,2018,2018,2018,1986,1925,1919,1898,1898,1898,1898,1864,1827,1813,1786,1786,1771,1733,1705,1680,1669,1645,1645,1631,1608,1567,1551,1542,1515,1507,1478,1456,1430,1403,1391,1347,1338,1327,1291,1260,1236,1210,1184,1167,1167,1123,1070,1054,1031,996,988,929,878,816,800,782,719,701,674,631,610,559,540,506,502,487,434,414,404,387,387,363,344,334,330,324,323,323,323,307,301,294,293,293,287,286,258,244,229,229,220,214,214,212,212,211,210,207,207,207,205,205,202,202,200,200,200,198,197,191,191,189,189,189,189,186,186,179,177,177,177,175,175,173,170,169,169,169,163,163,161,160,155,155,155,150,150,146,141,138,138,138,138,136,135,134,132,132,132,132,132,128,128,123,123,123,123,122,121,114,114,114,114,113,113,113,113,113,113,113,111,111,111,108,108,108,108,108,108,108,108,108,108,108,108,108,108,107,106,106,106,106,105,105,104,104,104,104,104,104,104,104,104,104,104,105,104,104,104,104,104,104,102,102,102,102,102,102,102,102,102,102,102,102,102,102,102,102,101,101,101,101,101,101,101,100,99,99,99,99,98,97,97,97,97,97,97,97,97,97,97,97,97,97,96,96,95,95,95,95,95,94,92,90,88,87,87,86,83,80,77,71,69,66,64,63,62,59,54,54,54,50,46,43,39,23,23,14,14,12,12,11,8,6,3,3,2,2,0
Kusel,1603,1602,1601,1599,1599,1596,1594,1592,1592,1592,1590,1590,1587,1582,1582,1581,1580,1577,1574,1573,1572,1567,1566,1561,1560,1559,1556,1555,1547,1546,1546,1543,1539,1537,1525,1519,1516,1510,1506,1501,1500,1496,1489,1483,1482,1472,1469,1461,1454,1442,1439,1436,1430,1429,1423,1415,1397,1393,1387,1379,1372,1357,1322,1305,1300,1294,1286,1286,1278,1266,1254,1249,1243,1243,1242,1242,1224,1208,1203,1201,1193,1189,1166,1150,1142,1139,1133,1120,1118,1037,1006,997,994,987,971,961,940,918,903,895,895,881,872,839,807,789,782,762,740,733,702,682,669,649,631,592,587,556,529,495,490,439,410,407,356,328,299,284,274,253,242,223,208,198,193,184,181,181,171,166,152,150,150,147,147,144,144,142,141,141,141,140,139,139,136,136,136,136,136,136,136,136,135,135,135,134,133,133,133,133,132,132,131,130,130,130,130,130,130,128,128,128,127,127,127,127,127,127,127,127,127,127,126,126,125,123,122,122,122,122,121,119,119,116,116,115,115,115,115,115,115,115,115,115,114,114,114,105,105,105,102,102,102,102,99,99,99,99,99,99,99,98,98,99,98,98,98,97,96,96,96,96,96,96,96,96,96,96,96,96,96,96,92,92,91,91,91,91,91,91,91,91,91,91,91,91,91,91,91,91,91,91,91,91,91,91,91,91,91,91,91,91,91,91,91,91,91,91,91,91,91,91,91,91,91,90,90,90,90,90,90,90,89,89,89,89,89,88,88,87,87,87,87,87,86,86,86,86,86,86,85,84,84,83,83,83,83,81,80,81,80,77,76,72,69,63,63,63,63,59,56,52,48,45,44,43,35,32,31,30,25,23,21,19,18,15,15,14,13,13,13,1,0,0
Mainz-Bingen,5235,5218,5215,5210,5201,5190,5175,5159,5134,5131,5129,5109,5097,5082,5073,5052,5045,5044,5037,5021,5012,5001,4989,4986,4977,4973,4965,4959,4951,4935,4931,4919,4904,4885,4842,4833,4791,4785,4769,4754,4736,4714,4688,4631,4622,4607,4592,4567,4524,4440,4398,4390,4365,4330,4277,4235,4183,4130,4123,4106,4061,4019,3947,3884,3800,3769,3751,3713,3698,3675,3607,3545,3528,3517,3493,3453,3410,3321,3295,3276,3236,3200,3154,3105,3053,2989,2961,2935,2874,2816,2766,2720,2685,2649,2636,2624,2575,2527,2488,2469,2446,2421,2391,2340,2280,2229,2182,2173,2115,2091,2041,1989,1932,1887,1864,1845,1820,1759,1717,1647,1542,1520,1470,1455,1390,1341,1300,1240,1204,1189,1169,1087,1087,1023,966,966,936,904,877,832,825,806,795,780,775,765,750,736,731,724,696,687,673,652,646,644,644,635,630,615,611,606,601,598,594,591,588,584,584,584,584,583,578,575,571,571,569,569,567,562,563,554,546,545,546,543,541,537,537,532,532,531,529,529,526,525,521,519,519,516,505,503,493,481,479,479,476,472,468,468,466,465,465,458,457,454,452,450,447,446,445,444,443,443,444,442,442,442,439,439,439,439,439,439,439,439,439,438,438,437,437,436,435,435,435,435,435,435,435,433,433,433,433,433,433,433,433,433,433,433,433,433,433,432,432,432,432,431,431,431,431,430,430,429,429,429,428,428,427,427,427,427,427,427,428,428,425,424,424,425,423,421,421,419,419,419,418,408,410,409,407,405,405,406,402,402,398,393,393,389,389,389,386,385,383,382,379,376,373,364,360,348,324,322,321,318,310,297,280,272,268,267,268,257,234,214,205,200,199,184,168,154,119,117,115,113,103,91,84,76,65,57,54,47,37,30,24,20,17,17,18,10,3,1
Mayen-Koblenz,4586,4572,4540,4539,4539,4523,4503,4466,4458,4449,4428,4423,4403,4385,4378,4367,4353,4341,4341,4327,4317,4282,4275,4270,4258,4252,4248,4232,4215,4203,4167,4150,4148,4133,4126,4100,4092,4068,4043,4042,3998,3982,3947,3919,3870,3848,3823,3747,3688,3645,3629,3605,3556,3551,3514,3466,3451,3430,3383,3344,3336,3279,3237,3183,3157,3098,3064,3029,2984,2984,2935,2920,2878,2845,2820,2789,2780,2711,2673,2642,2621,2586,2567,2503,2462,2418,2351,2340,2328,2268,2202,2146,2114,2085,2065,2039,2013,1985,1951,1939,1901,1873,1867,1849,1815,1780,1754,1685,1654,1654,1618,1569,1516,1488,1440,1417,1390,1335,1272,1199,1178,1115,1087,1069,1017,966,914,890,845,832,825,792,738,732,701,687,671,671,657,641,627,603,621,621,614,589,562,553,531,531,531,531,522,507,507,500,497,497,497,492,485,483,473,455,455,448,435,435,435,429,429,429,427,426,422,422,420,420,420,420,420,419,419,417,417,417,415,415,414,413,410,410,410,409,405,401,399,398,398,398,395,395,389,388,379,379,379,379,377,376,375,373,373,373,370,370,367,367,359,359,359,359,359,359,359,359,359,359,359,359,359,357,357,357,354,352,352,351,351,351,351,351,351,350,350,350,349,349,349,349,349,349,349,349,349,348,348,348,348,348,348,348,348,348,347,342,341,341,341,341,341,341,341,341,341,341,341,341,341,341,341,341,341,340,340,340,340,340,340,340,340,340,340,340,340,340,340,339,339,339,339,339,339,339,339,339,339,339,347,347,347,347,347,346,341,341,341,339,337,337,335,335,333,332,331,329,325,321,316,315,314,313,306,296,289,285,272,263,259,252,242,255,244,233,220,214,214,198,188,181,159,151,136,120,105,102,90,62,38,13,11,7,4,2
Neuwied,5343,5322,5292,5284,5266,5234,5194,5180,5168,5163,5137,5126,5102,5048,5042,5040,4998,4998,4975,4963,4943,4923,4919,4912,4900,4892,4865,4851,4836,4818,4765,4765,4765,4750,4726,4701,4693,4656,4635,4635,4599,4554,4514,4490,4479,4453,4409,4352,4316,4272,4260,4253,4231,4208,4183,4151,4119,4101,4086,4049,4022,3940,3873,3815,3800,3792,3770,3733,3693,3600,3512,3481,3468,3457,3402,3354,3277,3193,3175,3107,3043,2968,2907,2816,2728,2728,2667,2642,2543,2461,2368,2285,2262,2247,2197,2144,2085,2007,1976,1963,1940,1896,1865,1819,1789,1753,1746,1730,1695,1647,1615,1586,1558,1546,1494,1471,1424,1378,1334,1299,1261,1229,1202,1163,1120,1076,1041,1016,991,962,938,906,862,841,826,810,795,737,716,695,671,661,627,627,627,611,586,579,562,549,549,536,517,499,483,458,458,458,457,444,419,419,413,407,407,390,387,378,377,375,372,367,365,363,362,361,359,355,355,351,348,348,342,336,323,323,320,314,312,312,301,301,301,299,296,293,292,288,287,287,286,283,281,275,268,268,268,267,265,258,256,256,250,250,246,246,244,244,240,240,240,240,236,235,233,231,231,231,231,231,231,230,229,229,229,228,227,226,225,217,217,217,217,216,216,216,216,215,215,215,215,215,215,215,215,215,215,215,215,215,215,215,215,215,215,215,215,215,215,215,214,214,214,214,214,214,214,214,214,214,213,213,213,213,211,211,211,211,211,211,211,211,211,211,210,210,210,210,210,210,210,210,210,210,210,210,210,210,209,209,209,209,209,209,216,216,215,215,215,213,213,214,214,214,213,213,212,208,208,197,197,197,197,197,192,184,172,156,156,156,155,142,139,134,127,120,120,117,107,87,85,75,59,59,53,41,36,30,20,10,10,8,1,2
Rhein-Hunsrück,2617,2614,2614,2611,2608,2600,2589,2581,2574,2572,2558,2554,2535,2517,2491,2476,2476,2454,2449,2430,2412,2395,2386,2377,2368,2360,2329,2318,2295,2290,2281,2262,2261,2230,2206,2179,2177,2174,2156,2140,2097,2083,2048,2037,2031,2029,2020,1977,1954,1938,1926,1897,1882,1851,1826,1788,1766,1750,1742,1720,1683,1649,1620,1591,1579,1560,1546,1535,1516,1498,1472,1449,1449,1449,1419,1380,1365,1349,1309,1278,1264,1237,1202,1192,1177,1148,1134,1134,1109,1078,1062,1031,1012,1006,992,973,946,933,911,901,884,866,854,837,804,789,790,782,775,754,730,710,686,684,675,677,653,632,616,606,592,566,556,533,507,485,465,413,413,413,396,376,369,354,344,329,314,305,286,281,269,264,264,258,254,246,242,238,238,236,236,232,230,229,227,227,227,227,227,226,226,225,225,225,224,223,222,221,220,220,220,220,220,215,215,212,211,210,210,210,209,208,207,207,207,207,204,204,203,203,203,203,203,201,201,200,194,194,194,191,190,186,185,185,182,180,180,178,178,176,175,174,174,174,171,171,169,168,168,168,168,168,168,168,168,168,168,168,168,168,168,168,168,168,168,168,168,168,167,167,167,167,167,166,166,166,166,166,166,166,166,166,166,166,166,166,166,166,166,166,166,166,166,166,166,166,166,166,166,166,166,166,166,166,166,166,166,166,166,162,162,162,162,162,161,161,161,161,161,161,161,161,161,161,161,161,161,161,161,161,161,161,161,161,161,161,161,161,159,161,161,161,161,161,172,159,159,159,159,159,158,155,155,154,152,152,149,148,142,138,137,136,135,133,130,129,125,124,124,118,115,111,106,104,102,100,89,79,71,64,55,48,47,45,37,35,30,24,21,14,7,6,4,1
Rhein-Lahn-Kreis,2774,2765,2761,2743,2733,2727,2714,2698,2692,2684,2667,2663,2640,2612,2597,2584,2570,2555,2543,2535,2512,2494,2477,2473,2471,2462,2447,2428,2419,2410,2402,2380,2373,2363,2343,2321,2319,2313,2291,2289,2264,2249,2237,2226,2219,2197,2194,2162,2144,2127,2113,2108,2093,2083,2072,2051,2037,2023,2015,2002,1991,1960,1944,1926,1912,1886,1878,1863,1843,1800,1767,1731,1704,1694,1647,1631,1596,1555,1538,1444,1397,1376,1333,1285,1243,1213,1180,1155,1134,1101,1058,1027,1016,997,982,967,933,894,869,859,849,832,825,807,783,764,751,732,720,712,681,666,638,628,616,606,596,579,563,539,534,516,495,490,478,457,432,425,409,400,392,372,357,335,313,299,296,292,288,275,269,266,266,260,255,248,241,238,237,228,227,224,221,219,215,215,211,211,205,204,204,204,204,201,201,201,201,199,199,196,196,196,196,196,196,196,196,196,196,196,196,196,196,196,194,194,194,193,192,192,192,192,191,189,187,185,183,182,181,181,180,180,180,178,173,173,173,172,172,172,170,171,171,170,167,167,166,166,164,164,164,164,162,162,161,161,161,161,161,161,161,159,159,159,159,159,159,159,159,159,159,159,159,159,159,159,159,159,159,159,159,159,159,159,159,159,159,159,159,159,159,159,159,159,159,159,159,159,159,159,159,159,159,159,159,159,159,159,159,159,158,158,158,158,158,158,158,158,158,158,158,158,158,158,158,161,161,161,161,161,161,161,160,160,160,158,156,155,155,153,153,153,153,152,152,152,151,151,150,149,149,149,147,147,147,145,143,134,133,131,131,129,128,126,123,118,115,114,112,104,104,96,86,85,79,76,71,65,58,50,48,37,34,33,32,25,14,9,6,6,6,5,4,0
Rhein-Pfalz-Kreis,4717,4705,4693,4681,4678,4662,4650,4638,4616,4607,4605,4599,4581,4570,4560,4555,4545,4535,4529,4512,4503,4494,4474,4465,4451,4447,4439,4434,4426,4415,4404,4393,4389,4366,4350,4327,4315,4305,4290,4283,4271,4226,4193,4170,4159,4146,4129,4101,4063,4030,4009,3989,3951,3947,3917,3849,3849,3823,3792,3776,3759,3732,3685,3619,3567,3532,3495,3461,3443,3420,3303,3303,3238,3199,3167,3144,3135,3093,3038,2968,2869,2869,2751,2694,2616,2538,2471,2399,2399,2325,2236,2169,2129,2062,2006,1977,1882,1820,1720,1630,1577,1552,1541,1515,1481,1426,1395,1306,1268,1268,1209,1183,1157,1122,1081,1057,1047,955,833,833,807,794,791,788,757,744,714,696,679,667,667,640,631,614,593,554,554,554,536,510,501,495,476,476,476,461,451,444,444,442,436,436,435,427,426,419,419,417,415,409,401,398,393,393,382,378,370,370,364,363,362,362,362,362,362,362,360,359,356,355,354,352,352,351,351,347,344,341,341,339,338,330,330,327,325,325,318,317,317,312,310,307,302,290,290,290,290,290,288,287,284,283,283,283,283,284,281,281,280,280,280,280,279,278,277,277,277,277,277,277,277,276,276,276,276,274,274,274,274,273,273,270,270,270,269,269,268,268,268,270,266,266,263,262,262,259,258,257,257,257,257,257,251,251,250,250,250,250,250,250,248,248,246,246,241,241,241,239,238,236,236,236,236,236,235,235,232,230,230,230,230,230,230,230,226,224,224,224,222,223,215,215,214,213,212,211,210,210,210,209,209,209,208,206,206,204,203,202,201,202,200,195,193,193,193,188,184,172,162,162,159,157,156,156,149,142,137,137,134,113,113,105,92,62,60,60,60,44,41,39,34,9,9,9,8,6,4,2,1,1,1,1,0,1
Südliche Weinstr.,2532,2525,2522,2505,2505,2486,2477,2465,2459,2455,2446,2446,2467,2481,2480,2481,2483,2467,2466,2459,2456,2443,2441,2423,2423,2423,2421,2411,2403,2402,2388,2387,2387,2363,2348,2313,2290,2303,2289,2289,2244,2200,2179,2167,2143,2127,2118,2098,2059,1989,1962,1926,1926,1927,1888,1828,1810,1764,1759,1747,1744,1693,1678,1637,1617,1603,1602,1560,1560,1534,1491,1455,1455,1432,1396,1396,1386,1353,1319,1307,1307,1307,1252,1230,1202,1190,1175,1146,1146,1106,1078,1061,1045,996,996,996,965,946,927,914,906,892,885,853,830,786,767,753,753,753,739,717,704,682,673,665,653,617,596,552,545,493,493,482,453,429,425,413,375,375,370,341,324,303,294,279,279,258,257,246,229,225,211,211,211,206,201,200,199,196,196,196,193,192,190,188,188,188,188,185,185,184,184,184,184,184,179,179,178,178,175,175,187,184,185,184,183,183,183,181,181,181,181,175,175,175,175,175,175,175,175,175,175,176,175,175,175,174,174,174,174,174,171,171,168,168,167,167,164,164,164,163,162,160,160,160,157,157,157,157,157,157,157,157,157,157,157,157,156,156,155,155,155,155,155,155,155,155,155,155,155,155,155,155,155,155,155,155,155,155,155,155,155,155,155,155,155,154,154,154,154,154,154,153,151,151,151,151,151,151,151,151,151,151,151,151,151,151,151,151,151,151,151,151,151,151,151,151,151,150,150,150,150,150,150,150,150,150,150,150,150,150,150,150,150,150,150,150,150,149,148,148,148,146,145,145,145,144,144,144,142,141,141,141,141,141,140,137,138,135,135,135,135,131,125,124,124,121,120,114,110,100,94,80,76,68,64,61,46,43,36,32,31,31,28,24,22,21,10,1,1,1,1,1
Südwestpfalz,1781,1772,1773,1770,1759,1755,1741,1731,1728,1728,1721,1718,1711,1704,1697,1691,1692,1685,1682,1674,1667,1653,1653,1653,1651,1644,1638,1657,1649,1648,1645,1639,1639,1630,1624,1616,1604,1600,1594,1587,1571,1562,1552,1544,1543,1537,1536,1522,1515,1492,1480,1481,1475,1474,1457,1441,1431,1409,1407,1394,1383,1375,1355,1315,1294,1286,1251,1244,1248,1235,1197,1178,1139,1130,1130,1130,1109,1087,1077,1067,1053,1032,1014,977,957,947,939,927,912,871,846,835,830,823,804,800,783,761,749,740,728,722,716,691,673,639,630,609,594,594,557,545,526,520,511,480,480,461,446,432,424,401,388,388,373,355,324,318,305,305,290,274,256,248,243,241,231,231,207,198,189,185,183,166,166,161,161,157,151,149,149,149,149,149,148,148,148,148,147,147,147,147,146,146,146,146,146,146,151,151,151,151,150,150,148,148,145,145,145,145,144,143,143,143,143,143,142,141,141,141,140,140,140,140,136,136,136,136,136,136,136,135,135,135,130,130,130,130,130,126,126,126,125,125,125,123,123,123,123,123,123,123,123,123,123,123,123,123,123,123,123,121,121,121,121,121,116,115,114,113,113,108,108,108,106,106,106,106,106,106,106,106,106,106,106,106,106,106,106,106,106,106,106,106,106,106,106,106,106,106,106,106,106,106,106,106,106,106,106,106,106,106,106,106,106,106,106,106,106,106,106,106,106,106,106,106,106,106,106,106,106,106,106,106,106,106,106,106,106,106,106,106,106,106,105,105,104,104,103,103,103,101,101,101,101,101,100,97,96,95,93,93,82,82,80,79,77,72,72,64,56,53,47,44,40,37,32,30,23,19,17,16,12,11,3,2,2,1,0,0,0,0,0,0
Trier-Saarburg,3191,3177,3171,3163,3163,3158,3151,3141,3134,3121,3121,3112,3098,3088,3073,3056,3048,3034,3034,3023,2996,2996,2990,2971,2971,2971,2958,2936,2907,2893,2852,2852,2852,2843,2835,2820,2814,2805,2791,2787,2767,2756,2740,2724,2724,2711,2711,2701,2689,2674,2657,2642,2635,2623,2610,2607,2579,2579,2567,2554,2534,2507,2483,2456,2430,2429,2395,2395,2379,2330,2272,2262,2252,2237,2231,2200,2149,2099,2068,2041,1982,1928,1879,1850,1781,1771,1739,1712,1685,1651,1615,1595,1561,1561,1553,1499,1467,1442,1436,1370,1370,1349,1330,1295,1290,1264,1248,1190,1190,1148,1139,1105,1086,1076,1069,1062,1043,1022,1000,971,966,949,925,914,878,823,794,770,731,731,663,663,621,602,575,573,563,557,531,498,496,487,481,475,470,464,456,444,442,440,429,429,426,420,415,414,414,411,404,401,395,395,393,393,393,392,386,381,381,379,379,378,376,375,374,373,372,372,372,363,362,363,361,352,347,347,342,342,342,340,336,335,309,284,281,279,277,277,277,276,272,271,270,269,268,266,265,266,261,258,258,258,258,258,257,257,248,248,243,243,243,243,240,239,236,236,236,234,234,233,232,230,230,230,225,225,222,220,219,213,211,210,207,207,206,205,205,205,205,205,203,203,203,203,203,203,203,202,201,200,200,200,200,198,198,195,195,195,195,195,195,195,195,195,195,195,195,195,195,195,195,195,195,195,195,195,195,195,195,195,195,195,195,195,194,194,194,192,194,192,192,192,192,192,192,192,192,191,191,187,185,185,185,182,175,174,173,173,173,171,169,166,164,164,162,162,159,153,149,144,137,133,132,129,127,122,115,104,104,103,96,92,83,79,76,56,50,47,45,20,19,19,19,19,19,10,8,7,0,0,0,0,0,0
Vulkaneifel,1457,1456,1453,1443,1441,1436,1434,1426,1424,1421,1419,1415,1410,1406,1391,1386,1381,1372,1369,1359,1346,1343,1340,1336,1333,1328,1320,1313,1299,1292,1285,1277,1270,1266,1254,1244,1235,1230,1220,1218,1210,1202,1196,1188,1183,1175,1171,1166,1163,1157,1150,1147,1144,1139,1119,1115,1106,1098,1094,1087,1082,1074,1064,1054,1050,1047,1045,1037,1031,1027,1015,1008,1002,994,990,970,957,934,929,907,895,875,860,846,813,807,803,790,785,746,728,703,694,686,669,657,640,628,620,617,615,611,608,592,585,578,572,570,560,541,526,514,502,498,490,484,453,438,424,386,375,364,352,343,333,328,320,320,310,306,300,292,284,279,277,261,257,251,234,222,219,215,205,190,180,178,177,163,162,157,153,149,147,147,147,147,146,146,145,144,143,143,143,143,143,143,143,143,143,143,143,143,143,142,142,142,142,142,142,141,141,140,139,139,139,139,139,138,138,135,135,135,135,135,134,134,133,133,132,132,131,131,131,130,130,130,130,130,130,129,129,129,129,129,129,129,128,127,127,127,127,127,127,126,126,126,126,126,125,125,125,124,124,124,124,124,124,124,124,124,124,124,124,123,123,123,123,123,123,123,123,123,123,122,122,122,122,120,119,119,119,119,119,119,119,118,118,118,118,118,118,118,118,118,118,118,118,118,118,118,118,118,118,118,118,118,118,118,118,118,118,118,118,118,118,118,118,118,118,118,118,118,117,117,117,117,116,116,115,115,115,115,113,110,109,109,109,109,109,109,108,108,106,102,102,102,101,101,99,99,93,93,93,90,89,86,86,82,82,65,64,59,52,51,48,39,39,35,32,31,29,29,28,28,22,17,13,10,9,3,3,3,3,2
Westerwaldkreis,4611,4597,4580,4578,4565,4553,4522,4508,4502,4492,4471,4471,4458,4433,4410,4400,4378,4361,4357,4343,4326,4297,4290,4278,4258,4258,4238,4219,4184,4174,4155,4139,4114,4094,4075,4038,4025,4011,3976,3976,3957,3938,3898,3872,3842,3805,3784,3751,3732,3718,3691,3649,3643,3633,3602,3576,3536,3513,3489,3452,3430,3382,3349,3286,3257,3226,3168,3135,3104,3062,3031,2981,2904,2879,2820,2801,2723,2673,2626,2526,2502,2465,2405,2369,2330,2279,2216,2181,2127,2066,2031,2028,1968,1961,1929,1919,1892,1856,1845,1828,1810,1796,1770,1754,1723,1692,1675,1658,1633,1610,1583,1536,1512,1498,1451,1443,1425,1405,1366,1329,1304,1248,1233,1212,1175,1140,1103,1069,1046,1019,999,951,934,888,866,817,777,774,741,726,696,695,689,676,668,659,652,646,638,630,627,625,618,611,608,585,585,585,585,585,583,580,576,576,572,567,566,562,558,551,546,538,531,528,526,522,514,513,503,501,498,495,494,489,487,485,485,481,479,478,477,476,476,475,470,467,465,464,464,461,459,456,453,452,448,446,445,440,439,436,431,430,426,424,415,411,404,404,395,395,395,395,395,394,391,390,390,390,390,389,389,389,389,389,389,389,388,384,383,383,383,383,383,383,383,383,383,381,381,381,380,380,380,371,371,370,370,370,370,370,370,370,367,367,366,365,363,363,361,361,361,361,361,361,361,361,361,361,360,359,359,359,359,357,357,357,356,356,356,356,356,356,356,356,353,351,351,348,348,346,346,345,344,344,343,341,333,333,332,332,332,332,330,327,326,326,326,325,324,321,318,318,317,315,315,310,296,292,289,288,274,271,270,262,257,238,207,198,193,184,177,171,155,143,135,131,124,111,102,95,93,78,62,62,51,46,42,22,19,11,5,2,1,0
Stadt,,,,,,,,,,,,,,,,,,,,,,,,,,,,,,,,,,,,,,,,,,,,,,,,,,,,,,,,,,,,,,,,,,,,,,,,,,,,,,,,,,,,,,,,,,,,,,,,,,,,,,,,,,,,,,,,,,,,,,,,,,,,,,,,,,,,,,,,,,,,,,,,,,,,,,,,,,,,,,,,,,,,,,,,,,,,,,,,,,,,,,,,,,,,,,,,,,,,,,,,,,,,,,,,,,,,,,,,,,,,,,,,,,,,,,,,,,,,,,,,,,,,,,,,,,,,,,,,,,,,,,,,,,,,,,,,,,,,,,,,,,,,,,,,,,,,,,,,,,,,,,,,,,,,,,,,,,,,,,,,,,,,,,,,,,,,,,,,,,,,,,,,,,,,,,,,,,,,,,,,,,,,
Frankenthal,1496,1491,1486,1480,1476,1471,1466,1461,1459,1459,1457,1453,1447,1443,1436,1431,1429,1425,1422,1417,1410,1408,1398,1398,1390,1388,1382,1378,1373,1367,1360,1357,1357,1353,1348,1344,1340,1337,1332,1325,1304,1300,1290,1275,1265,1256,1253,1244,1229,1215,1198,1194,1185,1182,1181,1160,1160,1151,1145,1138,1127,1124,1116,1102,1086,1076,1071,1067,1056,1050,1013,1013,988,977,967,958,958,923,904,875,847,847,824,800,768,762,743,715,715,691,673,661,652,618,605,600,582,560,545,509,471,466,463,457,441,427,426,399,381,381,366,354,349,338,323,318,316,283,251,251,243,238,237,235,225,211,198,183,180,176,176,162,158,151,147,135,135,135,130,118,116,115,109,109,109,106,106,103,103,102,98,98,95,94,93,91,91,87,87,87,87,87,86,86,83,82,81,81,81,81,81,81,80,80,80,79,79,79,76,74,71,71,71,71,71,71,71,71,69,68,68,66,66,66,65,64,63,63,63,63,62,60,59,54,54,54,54,54,53,53,50,50,50,50,50,50,50,50,50,50,50,48,47,47,47,47,47,47,47,47,47,47,47,47,47,47,47,47,47,47,47,47,47,47,47,47,47,47,47,47,47,47,47,47,47,47,47,47,47,47,47,47,47,47,47,44,44,44,44,44,44,44,44,44,44,44,44,44,44,44,44,44,44,44,44,43,43,43,43,43,43,43,43,42,42,42,42,42,42,42,42,42,42,42,42,42,41,41,41,41,41,41,41,41,41,41,39,39,38,38,38,37,36,36,36,33,33,32,32,31,31,31,31,31,27,27,27,27,27,25,25,24,22,19,16,16,16,13,12,12,12,11,11,11,9,3,2,1,1,1,1,1,0,0
Kaiserslautern,2453,2450,2450,2447,2441,2436,2425,2419,2416,2412,2412,2410,2408,2408,2404,2403,2400,2400,2393,2387,2385,2381,2380,2376,2376,2376,2369,2369,2362,2362,2350,2350,2347,2342,2333,2324,2322,2309,2309,2302,2288,2274,2251,2230,2209,2208,2205,2189,2168,2145,2135,2115,2108,2091,2063,2032,2011,1995,1969,1965,1946,1907,1843,1818,1798,1772,1772,1772,1772,1739,1700,1658,1640,1640,1640,1640,1605,1540,1522,1490,1490,1478,1448,1425,1400,1382,1345,1345,1332,1308,1281,1258,1251,1220,1210,1193,1186,1173,1160,1148,1125,1122,1115,1081,1066,1042,1035,1014,1002,999,983,946,936,918,889,886,868,840,804,792,761,727,710,691,663,645,613,596,571,561,547,505,471,461,449,447,425,392,381,371,361,356,356,356,350,343,338,336,336,334,334,326,324,318,317,315,311,311,306,304,303,302,298,298,298,295,295,291,291,290,290,290,289,288,285,282,277,277,277,277,275,275,272,268,268,268,267,265,264,261,261,261,261,257,256,253,245,243,243,243,238,236,231,230,229,229,229,229,230,227,225,224,224,224,224,223,223,223,223,223,223,223,222,223,228,227,227,227,226,226,226,223,216,216,216,215,215,215,205,200,200,200,196,195,195,193,193,193,193,192,192,192,192,192,192,192,191,188,188,188,187,187,187,187,187,187,187,187,187,187,186,186,186,185,184,184,183,175,170,170,170,169,169,167,167,167,167,165,165,165,163,161,160,156,154,147,147,142,142,142,140,139,139,139,137,134,134,132,131,130,130,130,123,117,117,115,110,110,110,110,109,109,106,105,104,101,97,96,90,88,88,88,86,84,82,81,74,73,73,69,64,61,58,53,53,52,51,48,45,37,25,21,14,14,13,13,11,11,8,6,6,6,5,4
Koblenz,3145,3138,3128,3128,3126,3116,3105,3089,3086,3073,3062,3061,3056,3046,3030,3026,3020,3018,3018,3012,3008,3004,2996,2984,2976,2970,2970,2960,2950,2940,2923,2910,2897,2884,2880,2851,2846,2818,2802,2800,2780,2739,2718,2685,2663,2654,2647,2620,2591,2551,2520,2495,2480,2470,2458,2427,2387,2362,2346,2326,2324,2302,2278,2253,2231,2191,2173,2153,2128,2128,2103,2076,2057,2036,2023,2008,1995,1954,1907,1881,1870,1849,1845,1798,1761,1736,1701,1681,1670,1629,1590,1558,1530,1510,1498,1487,1467,1423,1394,1375,1354,1325,1323,1307,1275,1244,1204,1173,1139,1139,1109,1091,1049,1038,1004,993,975,962,925,897,878,831,810,801,756,720,682,635,602,587,584,575,526,521,503,495,472,467,450,441,434,421,398,398,395,389,383,382,370,370,370,370,367,359,359,355,353,353,353,350,349,348,348,344,344,343,342,342,342,335,335,335,335,335,335,331,331,331,331,328,328,327,327,327,327,327,327,327,327,326,324,324,324,324,322,322,321,317,317,317,312,312,309,308,301,301,301,301,300,294,291,287,287,287,285,285,284,284,282,282,282,278,275,275,274,273,273,273,273,273,273,271,271,271,271,270,270,270,270,270,270,270,269,265,265,265,265,265,265,265,265,265,265,265,265,265,265,265,265,265,265,265,265,264,264,264,264,264,264,264,264,264,264,263,263,263,263,263,263,263,263,263,263,263,263,263,263,263,263,263,263,263,263,263,264,264,263,263,263,263,263,263,263,263,263,263,263,263,255,257,257,256,256,256,253,253,253,249,245,243,242,239,237,236,234,229,226,226,220,214,212,211,210,206,199,197,183,171,164,163,156,134,131,124,119,118,105,97,92,85,67,61,57,49,36,33,24,21,13,8,8,8,6,6
Landau i.d.Pfalz,1131,1129,1129,1124,1124,1118,1118,1115,1114,1112,1111,1111,1089,1071,1063,1062,1059,1051,1050,1055,1048,1047,1046,1038,1038,1038,1032,1031,1020,1011,1005,1005,1005,999,996,977,967,950,940,940,932,909,905,889,882,870,867,846,832,821,808,801,801,802,785,766,761,741,737,723,724,695,686,657,649,645,644,617,617,614,594,585,585,582,567,567,566,558,542,525,525,525,504,492,472,457,450,440,440,418,401,399,394,377,377,377,353,352,344,341,336,335,334,327,318,315,309,299,299,299,290,278,269,265,258,255,248,233,227,213,209,199,199,198,191,187,185,176,163,163,164,155,148,138,132,128,128,124,124,120,117,117,108,108,108,107,101,98,97,97,97,97,92,91,90,90,90,90,90,89,89,89,89,89,89,89,89,89,89,89,89,89,77,77,77,76,74,74,74,74,74,74,74,72,72,72,72,72,72,71,71,69,69,69,69,69,68,67,67,67,66,63,61,60,59,59,59,59,58,58,58,58,58,58,57,57,57,57,57,57,57,57,57,57,57,57,57,57,58,57,57,57,57,57,57,57,57,57,57,57,57,57,57,57,57,57,57,56,56,56,56,56,56,56,56,56,56,56,56,56,56,56,56,56,56,56,56,56,56,56,56,56,56,56,56,56,56,56,56,56,56,56,56,56,56,56,56,56,56,56,56,56,56,56,56,56,56,56,56,56,56,56,56,56,56,56,56,57,57,57,56,56,56,56,56,56,54,54,54,54,53,52,52,52,52,51,50,50,50,50,49,49,49,49,49,45,45,44,43,42,41,39,34,33,31,29,26,23,14,14,7,7,5,5,4,2,1,1,1,0,0,0,0,0
Ludwigshafen,6977,6963,6952,6941,6933,6914,6898,6884,6866,6852,6841,6828,6806,6782,6766,6757,6746,6738,6723,6713,6700,6692,6682,6670,6649,6647,6638,6616,6608,6604,6595,6578,6567,6550,6529,6509,6489,6455,6436,6417,6384,6355,6334,6308,6287,6264,6249,6218,6185,6125,6092,6032,5992,5977,5922,5797,5797,5742,5670,5586,5545,5501,5424,5374,5330,5278,5233,5216,5204,5172,5038,5038,4936,4892,4846,4828,4803,4748,4651,4532,4431,4431,4317,4250,4122,4027,3918,3844,3844,3736,3607,3502,3396,3278,3201,3175,3013,2880,2729,2632,2551,2529,2508,2478,2450,2423,2397,2263,2214,2214,2158,2119,2069,2014,1959,1933,1910,1781,1535,1535,1455,1438,1438,1435,1416,1359,1287,1237,1209,1171,1171,1104,1083,1038,986,885,885,885,861,836,783,770,745,745,745,729,719,705,705,697,680,680,671,666,663,654,654,650,649,636,633,628,626,626,618,617,613,602,599,591,584,584,581,577,575,572,567,566,563,559,556,552,550,540,540,528,525,523,519,516,516,509,509,499,496,487,478,473,471,455,455,452,447,428,428,428,428,428,418,414,402,400,400,384,382,372,368,362,359,359,359,358,358,357,352,352,352,352,350,350,350,349,346,346,346,344,344,343,343,343,343,342,341,341,341,341,337,337,337,334,334,334,332,332,332,329,327,327,327,327,327,327,327,327,327,327,326,326,326,326,326,326,325,325,321,321,321,320,318,317,313,313,313,313,312,311,309,307,307,307,307,306,306,303,302,302,302,301,299,291,291,291,288,285,284,283,281,279,279,278,278,274,272,270,267,265,264,263,261,260,257,252,250,250,249,241,232,235,228,222,202,172,167,164,160,155,149,144,126,109,109,92,86,73,74,54,54,45,37,31,25,17,17,17,13,12,10,6,1,1,1,1,1,0
Mainz,6843,6820,6814,6806,6796,6775,6763,6748,6735,6733,6734,6715,6702,6694,6677,6670,6667,6666,6657,6648,6631,6619,6610,6607,6602,6596,6583,6566,6562,6540,6534,6528,6514,6495,6459,6458,6440,6430,6413,6395,6368,6349,6325,6284,6277,6260,6239,6202,6170,6134,6105,6094,6069,6052,6013,5976,5928,5887,5879,5857,5821,5773,5692,5602,5552,5530,5511,5484,5460,5440,5389,5334,5309,5289,5247,5225,5178,5076,5052,5021,4969,4954,4904,4822,4741,4675,4634,4602,4556,4486,4423,4363,4297,4220,4192,4173,4132,4056,3976,3936,3909,3862,3829,3765,3717,3594,3526,3494,3425,3379,3290,3210,3090,2992,2948,2902,2879,2800,2725,2613,2499,2456,2386,2349,2235,2115,2041,1990,1943,1880,1822,1745,1745,1714,1642,1642,1580,1544,1500,1452,1426,1394,1371,1324,1312,1296,1275,1231,1226,1214,1166,1152,1129,1109,1097,1086,1079,1057,1054,1044,1038,1033,1031,1028,1004,1000,990,979,975,973,972,963,948,942,928,922,920,918,906,892,877,870,864,862,860,852,846,840,833,823,821,818,813,806,802,797,796,795,796,793,791,789,783,773,773,771,766,762,756,751,744,736,733,725,717,717,715,713,712,712,711,711,709,707,706,702,702,698,695,694,693,689,689,689,687,686,685,685,685,685,685,684,683,682,682,682,681,681,681,681,681,680,679,679,678,678,678,677,676,676,676,676,676,674,674,674,674,669,669,669,668,667,667,659,653,652,650,649,636,636,634,634,634,631,625,624,622,585,585,585,585,583,581,576,576,576,575,566,562,561,559,554,552,551,546,543,536,532,525,519,519,519,513,509,504,495,494,494,488,468,464,447,437,435,434,423,390,378,363,358,355,355,348,343,317,299,277,265,265,238,222,212,196,187,182,180,144,125,115,99,90,82,81,62,55,45,35,28,19,17,11,11,3,1
Neustadt Weinst.,1212,1211,1211,1210,1210,1207,1205,1202,1200,1200,1200,1197,1195,1192,1187,1178,1177,1167,1165,1156,1146,1141,1141,1135,1131,1131,1128,1124,1113,1110,1109,1103,1103,1094,1084,1077,1075,1072,1064,1062,1055,1047,1032,1026,1024,1021,1017,1001,990,974,970,964,957,954,944,927,916,912,906,896,893,883,864,853,845,840,836,830,821,818,802,782,779,776,766,757,750,731,723,714,710,698,681,669,660,646,636,628,623,607,595,583,568,564,557,542,530,513,503,495,472,472,465,450,436,432,417,393,393,385,370,370,361,350,342,336,328,325,312,307,300,290,270,270,262,246,244,225,225,222,218,193,193,189,189,185,184,180,177,176,174,173,171,171,170,167,167,163,163,163,161,161,160,159,159,159,158,158,158,156,154,154,151,148,148,148,148,148,147,145,145,145,144,142,142,141,140,140,140,140,139,139,139,139,139,139,139,139,139,139,138,138,138,138,138,137,137,137,137,137,136,131,131,131,131,128,128,128,126,125,123,123,123,123,122,122,121,121,119,119,119,118,118,118,118,118,118,118,118,118,112,112,112,112,112,112,111,111,111,111,111,111,111,109,109,107,107,107,107,107,106,106,106,105,105,105,105,105,105,104,104,104,104,104,104,104,104,104,104,104,104,104,104,104,104,104,104,104,104,104,103,103,103,103,103,103,103,103,103,103,103,103,103,103,103,103,103,103,103,103,102,102,102,102,102,102,102,102,102,102,102,102,102,93,92,92,92,92,92,92,92,90,90,90,90,89,89,89,87,86,86,86,81,81,81,77,75,73,71,67,63,62,57,55,52,50,44,43,38,15,15,11,10,10,7,7,6,4,1,1,1,1,1,0
Pirmasens,875,872,870,865,862,860,855,847,843,842,838,838,833,831,826,822,821,821,817,816,816,807,807,806,804,802,798,785,781,784,783,783,780,773,767,759,759,755,753,752,741,735,732,732,732,726,723,718,706,692,685,681,674,672,665,652,645,636,636,622,618,606,596,583,573,570,558,552,548,536,515,506,475,463,463,463,440,421,419,411,393,388,378,358,343,334,329,323,322,306,299,276,275,268,258,255,238,225,220,219,208,209,204,192,183,178,173,169,168,168,165,156,153,152,148,144,144,137,135,129,128,128,125,125,119,114,103,101,97,97,95,82,79,73,71,70,68,67,64,63,63,61,61,61,61,59,58,58,55,54,54,53,53,51,51,51,51,51,51,51,51,49,49,49,49,49,49,49,46,45,45,45,45,43,43,43,43,43,43,43,43,43,43,42,42,42,42,42,42,42,42,42,42,42,41,41,40,38,38,38,38,38,38,38,38,38,38,38,38,36,36,36,36,36,36,34,34,34,34,34,34,34,34,34,34,34,34,34,34,34,34,34,33,33,33,33,33,31,31,31,31,31,31,31,31,31,31,31,31,31,31,31,31,31,31,31,31,31,31,31,31,31,31,31,31,31,31,31,31,31,31,31,31,31,31,31,31,31,31,31,31,31,31,31,31,31,31,31,31,31,31,31,31,31,31,31,30,30,30,30,30,30,30,30,30,30,30,30,30,30,30,30,30,30,30,30,30,30,30,30,30,30,30,30,30,30,30,30,27,27,26,26,26,26,24,24,24,24,24,20,20,19,15,15,15,12,12,12,11,7,7,6,3,1,1,0,0,0,0,0,0,0,0,0
Speyer,2027,2027,2028,2026,2026,2023,2016,2015,2010,2006,2004,2002,2001,1996,1993,1990,1988,1983,1982,1976,1974,1970,1962,1961,1954,1951,1948,1948,1944,1937,1935,1933,1930,1927,1925,1920,1920,1915,1914,1911,1907,1900,1890,1885,1878,1872,1869,1862,1857,1846,1842,1840,1829,1829,1823,1802,1802,1795,1782,1777,1776,1769,1754,1740,1726,1721,1714,1684,1671,1657,1606,1606,1589,1576,1569,1563,1562,1530,1509,1479,1441,1441,1404,1373,1320,1295,1207,1180,1180,1147,1112,1072,1043,993,965,956,925,891,864,835,799,789,783,764,745,726,680,634,611,611,572,558,533,522,486,466,465,438,346,346,332,329,328,328,318,299,288,284,272,269,261,241,239,231,216,205,205,204,197,189,186,186,179,179,179,179,179,177,177,175,173,173,173,173,172,171,171,168,165,163,163,163,163,163,161,159,157,154,154,154,153,153,153,152,152,149,149,149,148,147,145,145,145,145,145,143,143,143,142,142,142,142,142,142,142,141,139,138,138,135,135,134,134,126,126,126,126,126,124,122,121,120,120,116,116,115,115,115,115,115,115,115,115,115,115,115,115,115,114,114,114,114,111,111,111,111,111,110,110,109,109,109,109,108,106,106,106,106,106,105,101,101,101,101,101,101,98,97,95,95,95,95,95,95,95,94,91,91,91,91,90,90,89,88,87,87,87,87,87,86,86,86,86,86,85,85,84,84,84,84,84,84,84,84,84,84,84,84,84,83,83,83,83,82,82,82,82,81,81,81,81,81,81,81,73,72,67,65,65,62,59,58,55,55,55,53,52,52,51,50,48,48,47,45,41,38,37,37,35,34,34,31,29,24,22,22,22,14,14,12,13,7,7,7,8,7,4,2,2,2,2,0,0,0
Trier,1883,1877,1876,1874,1874,1870,1865,1858,1853,1850,1850,1844,1839,1829,1823,1816,1814,1813,1813,1806,1784,1784,1776,1773,1773,1773,1767,1752,1736,1730,1722,1722,1722,1709,1705,1694,1690,1689,1688,1688,1679,1673,1665,1651,1651,1640,1640,1629,1624,1612,1597,1592,1587,1578,1570,1565,1531,1531,1525,1515,1503,1485,1469,1440,1428,1425,1415,1415,1384,1367,1347,1338,1329,1318,1311,1297,1279,1257,1240,1233,1218,1194,1174,1168,1131,1125,1110,1091,1058,1039,1022,991,971,971,964,954,937,929,924,897,897,891,881,865,864,849,833,826,826,807,801,778,763,757,743,732,716,701,694,680,669,655,637,622,599,567,545,535,514,514,461,461,436,417,384,378,368,345,321,293,291,283,281,274,270,267,261,258,256,256,249,246,238,233,227,224,224,221,215,213,207,207,207,207,207,206,204,203,199,199,199,198,193,193,190,190,190,189,189,186,183,180,180,180,174,174,168,168,168,167,167,166,165,164,161,161,158,158,158,158,158,157,154,153,147,147,144,136,136,136,136,136,136,135,135,135,129,129,128,128,128,128,128,124,124,124,124,124,124,123,123,123,123,123,120,120,119,117,117,114,113,112,106,106,105,105,105,104,104,104,103,103,103,103,103,103,103,103,103,103,103,103,103,103,103,102,102,102,102,102,102,102,102,102,102,102,102,102,102,102,102,102,102,102,102,102,102,102,102,102,102,101,101,101,101,101,101,102,100,100,100,100,100,100,100,100,100,99,99,99,99,99,99,97,96,96,96,95,95,94,94,94,94,94,94,94,92,90,90,90,88,83,83,84,83,81,75,71,71,70,69,65,60,60,57,44,37,29,23,11,11,11,11,11,11,9,6,5,3,3,3,3,0,0
Worms,2610,2603,2601,2593,2592,2580,2571,2562,2556,2554,2551,2550,2534,2530,2517,2516,2510,2502,2497,2485,2469,2459,2451,2447,2446,2443,2434,2420,2416,2401,2398,2390,2390,2374,2350,2333,2318,2309,2304,2293,2279,2261,2241,2227,2220,2200,2191,2167,2141,2115,2100,2084,2065,2062,2032,1997,1962,1945,1898,1880,1853,1775,1721,1685,1658,1642,1618,1607,1587,1560,1540,1528,1497,1485,1448,1436,1427,1392,1374,1345,1310,1295,1280,1272,1249,1245,1213,1188,1179,1156,1118,1110,1095,1057,1048,1041,1008,986,976,964,952,929,922,888,875,850,839,813,767,758,739,694,686,667,653,649,637,625,615,592,577,572,556,552,528,519,508,497,484,471,468,461,449,441,426,419,404,402,397,377,369,368,363,362,362,351,349,346,344,343,343,343,341,340,340,340,339,332,327,327,326,323,323,323,321,319,317,315,315,315,312,309,307,304,301,292,287,285,279,276,275,273,273,273,273,273,270,270,268,268,267,266,266,263,262,262,260,260,259,257,253,252,246,244,239,238,238,236,236,235,235,232,232,231,231,231,231,231,231,231,229,229,229,229,228,228,228,228,228,228,228,228,227,227,227,227,227,227,227,227,227,227,225,224,224,224,224,224,224,224,224,224,224,224,224,224,224,224,224,224,223,223,223,223,223,223,222,222,221,221,221,220,220,220,220,220,220,220,220,220,220,220,220,220,217,217,211,211,211,211,209,209,205,204,203,201,201,200,200,200,200,199,194,193,193,193,191,190,190,190,190,190,185,182,179,179,178,173,173,167,167,163,159,159,158,155,147,145,143,141,140,137,134,127,121,121,114,114,112,102,86,83,79,73,68,68,61,57,53,46,46,12,8,4,1,1,1,0,0,0,0,0,0,0
Zweibrücken,484,484,484,484,482,481,480,475,474,474,471,467,465,463,453,449,448,448,446,445,444,444,444,442,442,442,442,430,430,429,429,427,427,426,425,424,424,423,423,422,421,419,414,414,414,413,411,406,404,396,395,393,390,389,388,382,382,382,382,380,379,376,368,366,362,361,355,354,354,352,347,345,333,329,329,329,328,325,324,321,319,318,316,311,302,299,295,290,287,284,274,272,272,266,256,256,251,245,239,236,233,231,224,215,207,203,202,196,195,195,190,186,180,180,170,162,162,159,152,148,148,142,141,141,137,134,130,130,129,130,129,123,117,108,106,105,100,100,95,95,95,95,92,78,78,73,72,67,67,67,67,67,65,65,64,64,64,64,63,63,63,63,63,63,63,61,60,59,56,55,55,55,55,55,55,53,53,53,53,53,53,51,51,49,49,49,48,48,48,48,47,47,47,47,47,47,47,46,46,46,46,46,45,45,45,45,45,45,45,44,44,44,44,44,44,44,44,44,44,44,44,44,44,44,44,44,44,44,44,44,44,44,44,44,44,44,44,44,44,44,44,44,44,44,44,44,44,44,44,44,44,44,44,44,44,44,44,44,43,41,41,41,40,40,39,37,37,36,36,36,36,36,36,36,36,36,36,36,36,36,36,36,36,36,36,36,36,36,36,36,36,36,36,36,36,36,36,36,36,36,36,36,35,35,35,35,35,35,35,35,35,35,35,35,35,35,35,35,35,35,35,35,35,35,35,35,34,32,32,31,30,30,26,26,26,26,25,24,24,20,18,17,12,11,9,9,9,5,4,4,3,3,2,1,0,0,0,0,0,0,0,0,0,0
Summe,104739,104420,104239,104016,103862,103512,103120,102689,102427,102253,101988,101817,101428,101001,100624,100342,100108,99772,99545,99197,98754,98373,98111,97852,97619,97496,97116,96737,96347,96053,95703,95414,95227,94777,94274,93729,93337,93016,92609,92383,91683,91077,90410,89806,89422,88953,88587,87825,87004,86090,85524,85053,84606,84196,83444,82440,81705,81005,80415,79805,79218,78054,76961,75856,74986,74440,73921,73377,72794,72025,70725,69998,69172,68733,68088,67521,66722,65450,64615,63561,62595,61978,60738,59628,58259,57416,56319,55503,54946,53442,52125,51163,50377,49475,48758,48239,47108,46061,45140,44345,43590,43010,42645,41657,40821,39943,39250,38284,37561,37106,36067,35043,34122,33.436,32540,31990,31375,30229,28937,28013,27216,26331,25702,25324,24304,23375,22449,21770,20947,20559,20087,19093,18405,17775,17077,16536,16105,15768,15174,14628,14189,13947,13642,13394,13217,12874,12637,12400,12225,12096,11894,11770,11547,11377,11273,11143,11077,11006,10938,10826,10717,10669,10595,10544,10473,10407,10321,10246,10201,10147,10106,10075,10013,9953,9896,9822,9768,9754,9707,9634,9570,9521,9472,9403,9355,9315,9272,9218,9181,9128,9083,9045,9000,8920,8851,8802,8734,8675,8661,8608,8541,8475,8369,8264,8175,8141,8114,8072,8002,7937,7882,7850,7824,7763,7713,7687,7627,7601,7542,7535,7527,7516,7488,7475,7445,7434,7426,7412,7398,7382,7365,7338,7318,7306,7291,7278,7259,7232,7209,7173,7166,7149,7127,7108,7100,7091,7083,7074,7072,7064,7028,7027,7001,6987,6979,6966,6954,6940,6932,6914,6911,6909,6899,6889,6875,6858,6846,6836,6832,6831,6823,6819,6813,6798,6777,6775,6769,6752,6726,6713,6700,6699,6698,6689,6672,6668,6644,6596,6594,6592,6586,6576,6562,6539,6517,6501,6486,6445,6439,6406,6378,6351,6325,6309,6287,6265,6223,6203,6175,6152,6147,6130,6096,6048,5996,5956,5901,5873,5831,5761,5722,5638,5553,5511,5493,5402,5279,5156,5032,4939,4842,4773,4701,4592,4407,4247,4052,3917,3847,3627,3466,3276,3036,2839,2686,2545,2357,2101,1873,1637,1480,1285,1149,1062,890,749,603,435,297,200,162,101,52,29
,,,,,,,,,,,,,,,,,,,,,,,,,,,,,,,,,,,,,,,,,,,,,,,,,,,,,,,,,,,,,,,,,,,,,,,,,,,,,,,,,,,,,,,,,,,,,,,,,,,,,,,,,,,,,,,,,,,,,,,,,,,,,,,,,,,,,,,,,,,,,,,,,,,,,,,,,,,,,,,,,,,,,,,,,,,,,,,,,,,,,,,,,,,,,,,,,,,,,,,,,,,,,,,,,,,,,,,,,,,,,,,,,,,,,,,,,,,,,,,,,,,,,,,,,,,,,,,,,,,,,,,,,,,,,,,,,,,,,,,,,,,,,,,,,,,,,,,,,,,,,,,,,,,,,,,,,,,,,,,,,,,,,,,,,,,,,,,,,,,,,,,,,,,,,,,,,,,,,,,,,,,,
"Hinweis: Die oben genannten Zahlen entsprechen den in der Meldesoftware des Robert Koch-Instituts übermittelten laborbestätigten Fällen einer COVID-19 Erkrankung mit Meldeadresse in Rheinland-Pfalz. Diese werden von den Gesundheitsämtern über die Landesmeldestelle beim Landesuntersuchungsamt an das Robert Koch-Institut übermittelt. Da die Mitarbeiterinnen und Mitarbeiter der Gesundheitsämter vor Ort am Wochenende in erster Linie mit der Ermittlung von Kontaktpersonen und Quarantänemaßnahmen gebunden sind, erfolgen die Meldungen zum Teil zeitverzögert.",,,,,,,,,,,,,,,,,,,,,,,,,,,,,,,,,,,,,,,,,,,,,,,,,,,,,,,,,,,,,,,,,,,,,,,,,,,,,,,,,,,,,,,,,,,,,,,,,,,,,,,,,,,,,,,,,,,,,,,,,,,,,,,,,,,,,,,,,,,,,,,,,,,,,,,,,,,,,,,,,,,,,,,,,,,,,,,,,,,,,,,,,,,,,,,,,,,,,,,,,,,,,,,,,,,,,,,,,,,,,,,,,,,,,,,,,,,,,,,,,,,,,,,,,,,,,,,,,,,,,,,,,,,,,,,,,,,,,,,,,,,,,,,,,,,,,,,,,,,,,,,,,,,,,,,,,,,,,,,,,,,,,,,,,,,,,,,,,,,,,,,,,,,,,,,,,,,,,,,,,,,,
,,,,,,,,,,,,,,,,,,,,,,,,,,,,,,,,,,,,,,,,,,,,,,,,,,,,,,,,,,,,,,,,,,,,,,,,,,,,,,,,,,,,,,,,,,,,,,,,,,,,,,,,,,,,,,,,,,,,,,,,,,,,,,,,,,,,,,,,,,,,,,,,,,,,,,,,,,,,,,,,,,,,,,,,,,,,,,,,,,,,,,,,,,,,,,,,,,,,,,,,,,,,,,,,,,,,,,,,,,,,,,,,,,,,,,,,,,,,,,,,,,,,,,,,,,,,,,,,,,,,,,,,,,,,,,,,,,,,,,,,,,,,,,,,,,,,,,,,,,,,,,,,,,,,,,,,,,,,,,,,,,,,,,,,,,,,,,,,,,,,,,,,,,,,,,,,,,,,,,,,,,,,
"Wichtige Hinweise: Aufgrund des Meldeverzugs zwischen dem Bekanntwerden neuer Fälle und der Datenübermittlung, kann es mitunter auch Abweichungen zu den von den kommunalen Gesundheitsämtern aktuell herausgegebenen Zahlen sowie zeitliche Verzögerungen geben. Aufgrund fehlerhafter Eingaben und durch Übertragungsfehler der Software kann es zu Korrekturen der gemeldeten Fallzahlen kommen. Dafür bitten wir um Verständnis.",,,,,,,,,,,,,,,,,,,,,,,,,,,,,,,,,,,,,,,,,,,,,,,,,,,,,,,,,,,,,,,,,,,,,,,,,,,,,,,,,,,,,,,,,,,,,,,,,,,,,,,,,,,,,,,,,,,,,,,,,,,,,,,,,,,,,,,,,,,,,,,,,,,,,,,,,,,,,,,,,,,,,,,,,,,,,,,,,,,,,,,,,,,,,,,,,,,,,,,,,,,,,,,,,,,,,,,,,,,,,,,,,,,,,,,,,,,,,,,,,,,,,,,,,,,,,,,,,,,,,,,,,,,,,,,,,,,,,,,,,,,,,,,,,,,,,,,,,,,,,,,,,,,,,,,,,,,,,,,,,,,,,,,,,,,,,,,,,,,,,,,,,,,,,,,,,,,,,,,,,,,,
