Coronavirus in Rheinland-Pfalz,Anzahl der Infizierten in Stadt-/Landkreisen,,,Landkreis,Ahrweiler,Altenkirchen,Alzey-Worms,Bad Dürkheim,Bad Kreuznach,Bernkastel-Wittlich,Birkenfeld,Bitburg-Prüm,Cochem-Zell,Donnersbergkreis,Germersheim,Kaiserslautern,Kusel,Mainz-Bingen,Mayen-Koblenz,Neuwied,Rhein-Hunsrück,Rhein-Lahn-Kreis,Rhein-Pfalz-Kreis,Südliche Weinstr.,Südwestpfalz,Trier-Saarburg,Vulkaneifel,Westerwaldkreis,Stadt,Frankenthal,Kaiserslautern,Koblenz,Landau i.d.Pfalz,Ludwigshafen,Mainz,Neustadt Weinst.,Pirmasens,Speyer,Trier,Worms,Zweibrücken,Summe,,"Hinweis: Die oben genannten Zahlen entsprechen den in der Meldesoftware des Robert Koch-Instituts übermittelten laborbestätigten Fällen einer COVID-19 Erkrankung mit Meldeadresse in Rheinland-Pfalz. Diese werden von den Gesundheitsämtern über die Landesmeldestelle beim Landesuntersuchungsamt an das Robert Koch-Institut übermittelt. Da die Mitarbeiterinnen und Mitarbeiter der Gesundheitsämter vor Ort am Wochenende in erster Linie mit der Ermittlung von Kontaktpersonen und Quarantänemaßnahmen gebunden sind,,"Wichtige Hinweise: Aufgrund des Meldeverzugs zwischen dem Bekanntwerden neuer Fälle und der Datenübermittlung
09.03.21,3098,2771,3404,3190,4274,2097,2282,2375,1552,1625,3725,2763,1603,5235,4586,5343,2617,2774,4717,2532,1781,3191,1457,4611,,1496,2453,3145,1131,6977,6843,1212,875,2027,1883,2610,484,104739,, erfolgen die Meldungen zum Teil zeitverzögert.",, kann es mitunter auch Abweichungen zu den von den kommunalen Gesundheitsämtern aktuell herausgegebenen Zahlen sowie zeitliche Verzögerungen geben. Aufgrund fehlerhafter Eingaben und durch Übertragungsfehler der Software kann es zu Korrekturen der gemeldeten Fallzahlen kommen. Dafür bitten wir um Verständnis."
08.03.21,3092,2711,3398,3184,4265,2088,2278,2366,1552,1625,3708,2763,1602,5218,4572,5322,2614,2765,4705,2525,1772,3177,1456,4597,,1491,2450,3138,1129,6963,6820,1211,872,2027,1877,2603,484,104420,,,,
07.03.21,3079,2711,3394,3182,4262,2088,2278,2363,1548,1624,3704,2762,1601,5215,4540,5292,2614,2761,4693,2522,1773,3171,1453,4580,,1486,2450,3128,1129,6952,6814,1211,870,2028,1876,2601,484,104239,,,,
06.03.21,3070,2699,3389,3178,4260,2085,2273,2355,1547,1624,3673,2759,1599,5210,4539,5284,2611,2743,4681,2505,1770,3163,1443,4578,,1480,2447,3128,1124,6941,6806,1210,865,2026,1874,2593,484,104016,,,,
05.03.21,3062,2699,3388,3174,4257,2080,2257,2355,1546,1620,3670,2755,1599,5201,4539,5266,2608,2733,4678,2505,1759,3163,1441,4565,,1476,2441,3126,1124,6933,6796,1210,862,2026,1874,2592,482,103862,,,,
04.03.21,3042,2659,3375,3163,4247,2077,2257,2354,1543,1615,3658,2751,1596,5190,4523,5234,2600,2727,4662,2486,1755,3158,1436,4553,,1471,2436,3116,1118,6914,6775,1207,860,2023,1870,2580,481,103512,,,,
03.03.21,3031,2624,3367,3156,4237,2071,2249,2350,1537,1606,3637,2744,1594,5175,4503,5194,2589,2714,4650,2477,1741,3151,1434,4522,,1466,2425,3105,1118,6898,6763,1205,855,2016,1865,2571,480,103120,,,,
02.03.21,3015,2569,3356,3150,4227,2068,2239,2346,1533,1605,3580,2741,1592,5159,4466,5180,2581,2698,4638,2465,1731,3141,1426,4508,,1461,2419,3089,1115,6884,6748,1202,847,2015,1858,2562,475,102689,,,,
01.03.21,2991,2569,3354,3146,4215,2067,2238,2334,1527,1602,3550,2741,1592,5134,4458,5168,2574,2692,4616,2459,1728,3134,1424,4502,,1459,2416,3086,1114,6866,6735,1200,843,2010,1853,2556,474,102427,,,,
28.02.21,2976,2559,3351,3144,4211,2067,2236,2331,1521,1599,3536,2740,1592,5131,4449,5163,2572,2684,4607,2455,1728,3121,1421,4492,,1459,2412,3073,1112,6852,6733,1200,842,2006,1850,2554,474,102253,,,,
27.02.21,2963,2543,3335,3143,4208,2066,2225,2320,1520,1595,3507,2740,1590,5129,4428,5137,2558,2667,4605,2446,1721,3121,1419,4471,,1457,2412,3062,1111,6841,6734,1200,838,2004,1850,2551,471,101988,,,,
26.02.21,2962,2538,3332,3136,4196,2064,2224,2320,1520,1586,3502,2735,1590,5109,4423,5126,2554,2663,4599,2446,1718,3112,1415,4471,,1453,2410,3061,1111,6828,6715,1197,838,2002,1844,2550,467,101817,,,,
25.02.21,2944,2482,3318,3130,4185,2063,2212,2319,1514,1586,3478,2733,1587,5097,4403,5102,2535,2640,4581,2467,1711,3098,1410,4458,,1447,2408,3056,1089,6806,6702,1195,833,2001,1839,2534,465,101428,,,,
24.02.21,2930,2445,3308,3120,4177,2058,2197,2305,1507,1582,3452,2727,1582,5082,4385,5048,2517,2612,4570,2481,1704,3088,1406,4433,,1443,2408,3046,1071,6782,6694,1192,831,1996,1829,2530,463,101001,,,,
23.02.21,2911,2422,3296,3116,4165,2051,2189,2299,1507,1580,3418,2721,1582,5073,4378,5042,2491,2597,4560,2480,1697,3073,1391,4410,,1436,2404,3030,1063,6766,6677,1187,826,1993,1823,2517,453,100624,,,,
22.02.21,2903,2421,3292,3112,4146,2037,2170,2273,1501,1580,3398,2720,1581,5052,4367,5040,2476,2584,4555,2481,1691,3056,1386,4400,,1431,2403,3026,1062,6757,6670,1178,822,1990,1816,2516,449,100342,,,,
21.02.21,2890,2403,3286,3111,4137,2036,2166,2272,1498,1577,3395,2709,1580,5045,4353,4998,2476,2570,4545,2483,1692,3048,1381,4378,,1429,2400,3020,1059,6746,6667,1177,821,1988,1814,2510,448,100108,,,,
20.02.21,2867,2373,3274,3106,4114,2025,2163,2255,1495,1577,3359,2709,1577,5044,4341,4998,2454,2555,4535,2467,1685,3034,1372,4361,,1425,2400,3018,1051,6738,6666,1167,821,1983,1813,2502,448,99772,,,,
19.02.21,2858,2361,3275,3104,4100,2013,2133,2243,1493,1573,3350,2703,1574,5037,4341,4975,2449,2543,4529,2466,1682,3034,1369,4357,,1422,2393,3018,1050,6723,6657,1165,817,1982,1813,2497,446,99545,,,,
18.02.21,2835,2359,3266,3093,4091,1993,2119,2237,1480,1564,3327,2698,1573,5021,4327,4963,2430,2535,4512,2459,1674,3023,1359,4343,,1417,2387,3012,1055,6713,6648,1156,816,1976,1806,2485,445,99197,,,,
17.02.21,2821,2331,3252,3084,4080,1979,2104,2215,1459,1555,3301,2696,1572,5012,4317,4943,2412,2512,4503,2456,1667,2996,1346,4326,,1410,2385,3008,1048,6700,6631,1146,816,1974,1784,2469,444,98754,,,,
16.02.21,2813,2318,3244,3079,4065,1968,2096,2200,1442,1550,3265,2689,1567,5001,4282,4923,2395,2494,4494,2443,1653,2996,1343,4297,,1408,2381,3004,1047,6692,6619,1141,807,1970,1784,2459,444,98373,,,,
15.02.21,2803,2312,3235,3073,4058,1963,2084,2179,1438,1547,3238,2688,1566,4989,4275,4919,2386,2477,4474,2441,1653,2990,1340,4290,,1398,2380,2996,1046,6682,6610,1141,807,1962,1776,2451,444,98111,,,,
14.02.21,2790,2270,3220,3066,4053,1962,2079,2176,1431,1543,3234,2686,1561,4986,4270,4912,2377,2473,4465,2423,1653,2971,1336,4278,,1398,2376,2984,1038,6670,6607,1135,806,1961,1773,2447,442,97852,,,,
13.02.21,2759,2268,3220,3059,4048,1960,2067,2165,1426,1543,3216,2686,1560,4977,4258,4900,2368,2471,4451,2423,1651,2971,1333,4258,,1390,2376,2976,1038,6649,6602,1131,804,1954,1773,2446,442,97619,,,,
12.02.21,2758,2266,3212,3059,4043,1958,2061,2165,1416,1536,3210,2686,1559,4973,4252,4892,2360,2462,4447,2423,1644,2971,1328,4258,,1388,2376,2970,1038,6647,6596,1131,802,1951,1773,2443,442,97496,,,,
11.02.21,2741,2238,3209,3043,4038,1955,2036,2143,1405,1529,3189,2675,1556,4965,4248,4865,2329,2447,4439,2421,1638,2958,1320,4238,,1382,2369,2970,1032,6638,6583,1128,798,1948,1767,2434,442,97116,,,,
10.02.21,2724,2227,3201,3021,4020,1950,2018,2127,1381,1523,3180,2673,1555,4959,4232,4851,2318,2428,4434,2411,1657,2936,1313,4219,,1378,2369,2960,1031,6616,6566,1124,785,1948,1752,2420,430,96737,,,,
09.02.21,2713,2222,3188,3011,4010,1944,2002,2116,1369,1518,3161,2667,1547,4951,4215,4836,2295,2419,4426,2403,1649,2907,1299,4184,,1373,2362,2950,1020,6608,6562,1113,781,1944,1736,2416,430,96347,,,,
08.02.21,2706,2218,3173,3003,3988,1937,1997,2106,1364,1510,3143,2667,1546,4935,4203,4818,2290,2410,4415,2402,1648,2893,1292,4174,,1367,2362,2940,1011,6604,6540,1110,784,1937,1730,2401,429,96053,,,,
07.02.21,2699,2214,3153,3000,3979,1935,1997,2097,1364,1509,3142,2650,1546,4931,4167,4765,2281,2402,4404,2388,1645,2852,1285,4155,,1360,2350,2923,1005,6595,6534,1109,783,1935,1722,2398,429,95703,,,,
06.02.21,2678,2201,3130,2981,3972,1926,1993,2095,1364,1503,3129,2650,1543,4919,4150,4765,2262,2380,4393,2387,1639,2852,1277,4139,,1357,2350,2910,1005,6578,6528,1103,783,1933,1722,2390,427,95414,,,,
05.02.21,2678,2201,3130,2981,3945,1923,1977,2092,1353,1499,3129,2639,1539,4904,4148,4765,2261,2373,4389,2387,1639,2852,1270,4114,,1357,2347,2897,1005,6567,6514,1103,780,1930,1722,2390,427,95227,,,,
04.02.21,2654,2176,3119,2963,3921,1916,1977,2087,1347,1488,3116,2627,1537,4885,4133,4750,2230,2363,4366,2363,1630,2843,1266,4094,,1353,2342,2884,999,6550,6495,1094,773,1927,1709,2374,426,94777,,,,
03.02.21,2632,2171,3103,2935,3905,1912,1949,2086,1346,1474,3106,2600,1525,4842,4126,4726,2206,2343,4350,2348,1624,2835,1254,4075,,1348,2333,2880,996,6529,6459,1084,767,1925,1705,2350,425,94274,,,,
02.02.21,2627,2160,3085,2915,3868,1907,1942,2081,1333,1464,3086,2580,1519,4833,4100,4701,2179,2321,4327,2313,1616,2820,1244,4038,,1344,2324,2851,977,6509,6458,1077,759,1920,1694,2333,424,93729,,,,
01.02.21,2622,2142,3064,2898,3835,1902,1922,2079,1330,1455,3070,2557,1516,4791,4092,4693,2177,2319,4315,2290,1604,2814,1235,4025,,1340,2322,2846,967,6489,6440,1075,759,1920,1690,2318,424,93337,,,,
31.01.21,2607,2135,3060,2895,3830,1902,1912,2069,1327,1444,3068,2545,1510,4785,4068,4656,2174,2313,4305,2303,1600,2805,1230,4011,,1337,2309,2818,950,6455,6430,1072,755,1915,1689,2309,423,93016,,,,
30.01.21,2587,2122,3049,2875,3816,1900,1897,2065,1321,1444,3050,2545,1506,4769,4043,4635,2156,2291,4290,2289,1594,2791,1220,3976,,1332,2309,2802,940,6436,6413,1064,753,1914,1688,2304,423,92609,,,,
29.01.21,2576,2122,3042,2864,3798,1898,1884,2065,1317,1436,3047,2526,1501,4754,4042,4635,2140,2289,4283,2289,1587,2787,1218,3976,,1325,2302,2800,940,6417,6395,1062,752,1911,1688,2293,422,92383,,,,
28.01.21,2545,2088,3031,2820,3768,1890,1875,2056,1309,1429,3025,2495,1500,4736,3998,4599,2097,2264,4271,2244,1571,2767,1210,3957,,1304,2288,2780,932,6384,6368,1055,741,1907,1679,2279,421,91683,,,,
27.01.21,2537,2085,3012,2804,3724,1881,1858,2049,1299,1413,3007,2485,1496,4714,3982,4554,2083,2249,4226,2200,1562,2756,1202,3938,,1300,2274,2739,909,6355,6349,1047,735,1900,1673,2261,419,91077,,,,
26.01.21,2518,2079,2987,2767,3674,1877,1831,2044,1286,1406,2993,2470,1489,4688,3947,4514,2048,2237,4193,2179,1552,2740,1196,3898,,1290,2251,2718,905,6334,6325,1032,732,1890,1665,2241,414,90410,,,,
25.01.21,2515,2079,2981,2744,3629,1848,1798,2035,1285,1401,2978,2456,1483,4631,3919,4490,2037,2226,4170,2167,1544,2724,1188,3872,,1275,2230,2685,889,6308,6284,1026,732,1885,1651,2227,414,89806,,,,
24.01.21,2476,2051,2969,2738,3623,1848,1798,2025,1274,1396,2980,2445,1482,4622,3870,4479,2031,2219,4159,2143,1543,2724,1183,3842,,1265,2209,2663,882,6287,6277,1024,732,1878,1651,2220,414,89422,,,,
23.01.21,2476,2045,2957,2719,3608,1835,1768,2016,1257,1385,2962,2434,1472,4607,3848,4453,2029,2197,4146,2127,1537,2711,1175,3805,,1256,2208,2654,870,6264,6260,1021,726,1872,1640,2200,413,88953,,,,
22.01.21,2468,2032,2945,2700,3590,1819,1747,2011,1249,1379,2956,2424,1469,4592,3823,4409,2020,2194,4129,2118,1536,2711,1171,3784,,1253,2205,2647,867,6249,6239,1017,723,1869,1640,2191,411,88587,,,,
21.01.21,2442,2024,2913,2681,3576,1815,1715,2005,1228,1373,2941,2405,1461,4567,3747,4352,1977,2162,4101,2098,1522,2701,1166,3751,,1244,2189,2620,846,6218,6202,1001,718,1862,1629,2167,406,87825,,,,
20.01.21,2430,2015,2883,2620,3544,1809,1642,1995,1203,1360,2926,2379,1454,4524,3688,4316,1954,2144,4063,2059,1515,2689,1163,3732,,1229,2168,2591,832,6185,6170,990,706,1857,1624,2141,404,87004,,,,
19.01.21,2408,2000,2858,2602,3488,1798,1618,1991,1191,1339,2887,2360,1442,4440,3645,4272,1938,2127,4030,1989,1492,2674,1157,3718,,1215,2145,2551,821,6125,6134,974,692,1846,1612,2115,396,86090,,,,
18.01.21,2400,1991,2838,2583,3448,1784,1608,1985,1187,1328,2870,2341,1439,4398,3629,4260,1926,2113,4009,1962,1480,2657,1150,3691,,1198,2135,2520,808,6092,6105,970,685,1842,1597,2100,395,85524,,,,
17.01.21,2391,1980,2828,2568,3429,1783,1596,1978,1185,1318,2862,2327,1436,4390,3605,4253,1897,2108,3989,1926,1481,2642,1147,3649,,1194,2115,2495,801,6032,6094,964,681,1840,1592,2084,393,85053,,,,
16.01.21,2381,1964,2817,2558,3414,1778,1590,1977,1169,1315,2849,2326,1430,4365,3556,4231,1882,2093,3951,1926,1475,2635,1144,3643,,1185,2108,2480,801,5992,6069,957,674,1829,1587,2065,390,84606,,,,
15.01.21,2357,1955,2808,2536,3342,1768,1566,1977,1164,1309,2842,2319,1429,4330,3551,4208,1851,2083,3947,1927,1474,2623,1139,3633,,1182,2091,2470,802,5977,6052,954,672,1829,1578,2062,389,84196,,,,
14.01.21,2335,1942,2784,2513,3342,1753,1534,1956,1153,1293,2811,2296,1423,4277,3514,4183,1826,2072,3917,1888,1457,2610,1119,3602,,1181,2063,2458,785,5922,6013,944,665,1823,1570,2032,388,83444,,,,
13.01.21,2323,1923,2754,2469,3296,1731,1520,1948,1143,1270,2793,2265,1415,4235,3466,4151,1788,2051,3849,1828,1441,2607,1115,3576,,1160,2032,2427,766,5797,5976,927,652,1802,1565,1997,382,82440,,,,
12.01.21,2304,1879,2723,2427,3257,1718,1506,1939,1132,1246,2772,2256,1397,4183,3451,4119,1766,2037,3849,1810,1431,2579,1106,3536,,1160,2011,2387,761,5797,5928,916,645,1802,1531,1962,382,81705,,,,
11.01.21,2284,1878,2701,2403,3207,1688,1489,1925,1123,1227,2750,2238,1393,4130,3430,4101,1750,2023,3823,1764,1409,2579,1098,3513,,1151,1995,2362,741,5742,5887,912,636,1795,1531,1945,382,81005,,,,
10.01.21,2252,1875,2668,2391,3184,1684,1478,1919,1118,1216,2704,2207,1387,4123,3383,4086,1742,2015,3792,1759,1407,2567,1094,3489,,1145,1969,2346,737,5670,5879,906,636,1782,1525,1898,382,80415,,,,
09.01.21,2208,1856,2664,2374,3152,1678,1470,1916,1112,1196,2699,2205,1379,4106,3344,4049,1720,2002,3776,1747,1394,2554,1087,3452,,1138,1965,2326,723,5586,5857,896,622,1777,1515,1880,380,79805,,,,
08.01.21,2208,1856,2636,2343,3105,1667,1423,1907,1110,1189,2681,2187,1372,4061,3336,4022,1683,1991,3759,1744,1383,2534,1082,3430,,1127,1946,2324,724,5545,5821,893,618,1776,1503,1853,379,79218,,,,
07.01.21,2176,1803,2595,2327,3049,1648,1423,1900,1096,1154,2568,2152,1357,4019,3279,3940,1649,1960,3732,1693,1375,2507,1074,3382,,1124,1907,2302,695,5501,5773,883,606,1769,1485,1775,376,78054,,,,
06.01.21,2148,1789,2556,2275,2984,1631,1413,1882,1075,1154,2563,2123,1322,3947,3237,3873,1620,1944,3685,1678,1355,2483,1064,3349,,1116,1843,2278,686,5424,5692,864,596,1754,1469,1721,368,76961,,,,
05.01.21,2117,1778,2529,2230,2920,1615,1404,1877,1066,1131,2554,2091,1305,3884,3183,3815,1591,1926,3619,1637,1315,2456,1054,3286,,1102,1818,2253,657,5374,5602,853,583,1740,1440,1685,366,75856,,,,
04.01.21,2106,1761,2493,2211,2878,1574,1373,1829,1060,1109,2543,2048,1300,3800,3157,3800,1579,1912,3567,1617,1294,2430,1050,3257,,1086,1798,2231,649,5330,5552,845,573,1726,1428,1658,362,74986,,,,
03.01.21,2081,1760,2484,2205,2853,1570,1373,1823,1051,1109,2540,2018,1294,3769,3098,3792,1560,1886,3532,1603,1286,2429,1047,3226,,1076,1772,2191,645,5278,5530,840,570,1721,1425,1642,361,74440,,,,
02.01.21,2061,1753,2463,2198,2837,1562,1364,1823,1046,1107,2538,2018,1286,3751,3064,3770,1546,1878,3495,1602,1251,2395,1045,3168,,1071,1772,2173,644,5233,5511,836,558,1714,1415,1618,355,73921,,,,
01.01.21,2037,1753,2447,2183,2796,1556,1350,1820,1040,1101,2534,2018,1286,3713,3029,3733,1535,1863,3461,1560,1244,2395,1037,3135,,1067,1772,2153,617,5216,5484,830,552,1684,1415,1607,354,73377,,,,
31.12.20,2031,1738,2424,2168,2755,1546,1344,1788,1034,1086,2483,2018,1278,3698,2984,3693,1516,1843,3443,1560,1248,2379,1031,3104,,1056,1772,2128,617,5204,5460,821,548,1671,1384,1587,354,72794,,,,
30.12.20,2014,1719,2407,2131,2671,1539,1340,1787,1026,1078,2463,1986,1266,3675,2984,3600,1498,1800,3420,1534,1235,2330,1027,3062,,1050,1739,2128,614,5172,5440,818,536,1657,1367,1560,352,72025,,,,
29.12.20,1981,1699,2381,2079,2671,1522,1320,1768,1012,1066,2451,1925,1254,3607,2935,3512,1472,1767,3303,1491,1197,2272,1015,3031,,1013,1700,2103,594,5038,5389,802,515,1606,1347,1540,347,70725,,,,
28.12.20,1960,1692,2362,2056,2616,1491,1318,1727,1011,1057,2418,1919,1249,3545,2920,3481,1449,1731,3303,1455,1178,2262,1008,2981,,1013,1658,2076,585,5038,5334,782,506,1606,1338,1528,345,69998,,,,
27.12.20,1924,1689,2319,2054,2559,1482,1315,1726,1008,1052,2369,1898,1243,3528,2878,3468,1449,1704,3238,1455,1139,2252,1002,2904,,988,1640,2057,585,4936,5309,779,475,1589,1329,1497,333,69172,,,,
26.12.20,1918,1681,2308,2046,2511,1476,1313,1726,1005,1049,2363,1898,1243,3517,2845,3457,1449,1694,3199,1432,1130,2237,994,2879,,977,1640,2036,582,4892,5289,776,463,1576,1318,1485,329,68733,,,,
25.12.20,1918,1678,2264,2014,2495,1475,1310,1725,997,1043,2338,1898,1242,3493,2820,3402,1419,1647,3167,1396,1130,2231,990,2820,,967,1640,2023,567,4846,5247,766,463,1569,1311,1448,329,68088,,,,
24.12.20,1895,1658,2260,1993,2461,1460,1303,1708,987,1029,2308,1898,1242,3453,2789,3354,1380,1631,3144,1396,1130,2200,970,2801,,958,1640,2008,567,4828,5225,757,463,1563,1297,1436,329,67521,,,,
23.12.20,1881,1641,2254,1962,2424,1452,1297,1701,970,1002,2272,1864,1224,3410,2780,3277,1365,1596,3135,1386,1109,2149,957,2723,,958,1605,1995,566,4803,5178,750,440,1562,1279,1427,328,66722,,,,
22.12.20,1849,1626,2205,1924,2380,1436,1287,1681,948,993,2263,1827,1208,3321,2711,3193,1349,1555,3093,1353,1087,2099,934,2673,,923,1540,1954,558,4748,5076,731,421,1530,1257,1392,325,65450,,,,
21.12.20,1839,1624,2179,1901,2321,1413,1274,1644,937,990,2263,1813,1203,3295,2673,3175,1309,1538,3038,1319,1077,2068,929,2626,,904,1522,1907,542,4651,5052,723,419,1509,1240,1374,324,64615,,,,
20.12.20,1819,1616,2137,1886,2291,1407,1248,1633,919,981,2247,1786,1201,3276,2642,3107,1278,1444,2968,1307,1067,2041,907,2526,,875,1490,1881,525,4532,5021,714,411,1479,1233,1345,321,63561,,,,
19.12.20,1775,1573,2094,1872,2274,1386,1248,1611,902,960,2229,1786,1193,3236,2621,3043,1264,1397,2869,1307,1053,1982,895,2502,,847,1490,1870,525,4431,4969,710,393,1441,1218,1310,319,62595,,,,
18.12.20,1775,1573,2060,1835,2241,1386,1234,1608,894,943,2208,1771,1189,3200,2586,2968,1237,1376,2869,1307,1032,1928,875,2465,,847,1478,1849,525,4431,4954,698,388,1441,1194,1295,318,61978,,,,
17.12.20,1745,1564,2037,1801,2183,1354,1217,1568,878,920,2173,1733,1166,3154,2567,2907,1202,1333,2751,1252,1014,1879,860,2405,,824,1448,1845,504,4317,4904,681,378,1404,1174,1280,316,60738,,,,
16.12.20,1726,1530,2018,1776,2145,1343,1191,1561,853,894,2131,1705,1150,3105,2503,2816,1192,1285,2694,1230,977,1850,846,2369,,800,1425,1798,492,4250,4822,669,358,1373,1168,1272,311,59628,,,,
15.12.20,1697,1480,1966,1747,2100,1315,1166,1538,832,879,2086,1680,1142,3053,2462,2728,1177,1243,2616,1202,957,1781,813,2330,,768,1400,1761,472,4122,4741,660,343,1320,1131,1249,302,58259,,,,
14.12.20,1672,1475,1958,1726,2061,1286,1160,1516,825,864,2054,1669,1139,2989,2418,2728,1148,1213,2538,1190,947,1771,807,2279,,762,1382,1736,457,4027,4675,646,334,1295,1125,1245,299,57416,,,,
13.12.20,1645,1434,1925,1703,1990,1279,1152,1507,813,858,2018,1645,1133,2961,2351,2667,1134,1180,2471,1175,939,1739,803,2216,,743,1345,1701,450,3918,4634,636,329,1207,1110,1213,295,56319,,,,
12.12.20,1614,1412,1895,1684,1944,1251,1119,1504,796,844,1987,1645,1120,2935,2340,2642,1134,1155,2399,1146,927,1712,790,2181,,715,1345,1681,440,3844,4602,628,323,1180,1091,1188,290,55503,,,,
11.12.20,1614,1406,1874,1671,1909,1248,1119,1497,796,835,1980,1631,1118,2874,2328,2543,1109,1134,2399,1146,912,1685,785,2127,,715,1332,1670,440,3844,4556,623,322,1180,1058,1179,287,54946,,,,
10.12.20,1590,1338,1833,1618,1852,1204,1078,1465,794,817,1912,1608,1037,2816,2268,2461,1078,1101,2325,1106,871,1651,746,2066,,691,1308,1629,418,3736,4486,607,306,1147,1039,1156,284,53442,,,,
09.12.20,1563,1318,1778,1582,1785,1185,1062,1450,773,805,1866,1567,1006,2766,2202,2368,1062,1058,2236,1078,846,1615,728,2031,,673,1281,1590,401,3607,4423,595,299,1112,1022,1118,274,52125,,,,
08.12.20,1562,1293,1737,1559,1747,1159,1062,1441,757,795,1858,1551,997,2720,2146,2285,1031,1027,2169,1061,835,1595,703,2028,,661,1258,1558,399,3502,4363,583,276,1072,991,1110,272,51163,,,,
07.12.20,1543,1287,1722,1540,1717,1144,1054,1418,746,787,1823,1542,994,2685,2114,2262,1012,1016,2129,1045,830,1561,694,1968,,652,1251,1530,394,3396,4297,568,275,1043,971,1095,272,50377,,,,
06.12.20,1505,1266,1667,1527,1681,1141,1047,1402,741,779,1802,1515,987,2649,2085,2247,1006,997,2062,996,823,1561,686,1961,,618,1220,1510,377,3278,4220,564,268,993,971,1057,266,49475,,,,
05.12.20,1487,1225,1656,1490,1654,1119,1038,1383,732,771,1765,1507,971,2636,2065,2197,992,982,2006,996,804,1553,669,1929,,605,1210,1498,377,3201,4192,557,258,965,964,1048,256,48758,,,,
04.12.20,1487,1221,1635,1461,1639,1117,1038,1351,725,764,1758,1478,961,2624,2039,2144,973,967,1977,996,800,1499,657,1919,,600,1193,1487,377,3175,4173,542,255,956,954,1041,256,48239,,,,
03.12.20,1464,1199,1577,1412,1615,1108,1002,1340,708,755,1729,1456,940,2575,2013,2085,946,933,1882,965,783,1467,640,1892,,582,1186,1467,353,3013,4132,530,238,925,937,1008,251,47108,,,,
02.12.20,1441,1182,1561,1361,1586,1091,990,1335,699,739,1696,1430,918,2527,1985,2007,933,894,1820,946,761,1442,628,1856,,560,1173,1423,352,2880,4056,513,225,891,929,986,245,46061,,,,
01.12.20,1415,1162,1549,1342,1556,1085,971,1325,684,729,1650,1403,903,2488,1951,1976,911,869,1720,927,749,1436,620,1845,,545,1160,1394,344,2729,3976,503,220,864,924,976,239,45140,,,,
30.11.20,1405,1151,1533,1309,1523,1079,945,1257,680,724,1636,1391,895,2469,1939,1963,901,859,1630,914,740,1370,617,1828,,509,1148,1375,341,2632,3936,495,219,835,897,964,236,44345,,,,
29.11.20,1385,1101,1508,1270,1503,1077,919,1233,673,721,1625,1347,895,2446,1901,1940,884,849,1577,906,728,1370,615,1810,,471,1125,1354,336,2551,3909,472,208,799,897,952,233,43590,,,,
28.11.20,1367,1101,1457,1270,1481,1075,910,1214,661,695,1590,1338,881,2421,1873,1896,866,832,1552,892,722,1349,611,1796,,466,1122,1325,335,2529,3862,472,209,789,891,929,231,43010,,,,
27.11.20,1348,1101,1440,1262,1468,1066,910,1213,658,695,1582,1327,872,2391,1867,1865,854,825,1541,885,716,1330,608,1770,,463,1115,1323,334,2508,3829,465,204,783,881,922,224,42645,,,,
26.11.20,1330,1039,1384,1227,1421,1052,889,1193,649,675,1527,1291,839,2340,1849,1819,837,807,1515,853,691,1295,592,1754,,457,1081,1307,327,2478,3765,450,192,764,865,888,215,41657,,,,
25.11.20,1301,1037,1345,1201,1388,1044,842,1179,637,660,1490,1260,807,2280,1815,1789,804,783,1481,830,673,1290,585,1723,,441,1066,1275,318,2450,3717,436,183,745,864,875,207,40821,,,,
24.11.20,1276,1035,1315,1181,1338,1041,842,1177,621,643,1466,1236,789,2229,1780,1753,789,764,1426,786,639,1264,578,1692,,427,1042,1244,315,2423,3594,432,178,726,849,850,203,39943,,,,
23.11.20,1262,1031,1282,1169,1294,1022,816,1151,607,631,1442,1210,782,2182,1754,1746,790,751,1395,767,630,1248,572,1675,,426,1035,1204,309,2397,3526,417,173,680,833,839,202,39250,,,,
22.11.20,1230,1022,1261,1108,1244,1018,806,1149,590,624,1425,1184,762,2173,1685,1730,782,732,1306,753,609,1190,570,1658,,399,1014,1173,299,2263,3494,393,169,634,826,813,196,38284,,,,
21.11.20,1227,997,1215,1108,1234,1007,805,1127,584,596,1377,1167,740,2115,1654,1695,775,720,1268,753,594,1190,560,1633,,381,1002,1139,299,2214,3425,393,168,611,826,767,195,37561,,,,
20.11.20,1204,981,1177,1091,1221,993,795,1114,579,584,1360,1167,733,2091,1654,1647,754,712,1268,753,594,1148,541,1610,,381,999,1139,299,2214,3379,385,168,611,807,758,195,37106,,,,
19.11.20,1176,929,1142,1046,1176,985,779,1092,570,559,1317,1123,702,2041,1618,1615,730,681,1209,739,557,1139,526,1583,,366,983,1109,290,2158,3290,370,165,572,801,739,190,36067,,,,
18.11.20,1144,906,1102,1037,1112,970,752,1064,555,536,1253,1070,682,1989,1569,1586,710,666,1183,717,545,1105,514,1536,,354,946,1091,278,2119,3210,370,156,558,778,694,186,35043,,,,
17.11.20,1096,896,1082,1008,1062,943,739,1056,536,513,1213,1054,669,1932,1516,1558,686,638,1157,704,526,1086,502,1512,,349,936,1049,269,2069,3090,361,153,533,763,686,180,34122,,,,
16.11.20,1079,893,1054,973,1028,932,710,1033,532,508,1192,1031,649,1887,1488,1546,684,628,1122,682,520,1076,498,1498,,338,918,1038,265,2014,2992,350,152,522,757,667,180,33.436,,,,
15.11.20,1027,871,1026,949,961,912,679,1019,507,499,1176,996,631,1864,1440,1494,675,616,1081,673,511,1069,490,1451,,323,889,1004,258,1959,2948,342,148,486,743,653,170,32540,,,,
14.11.20,1001,865,988,933,953,898,660,1011,496,470,1152,988,592,1845,1417,1471,677,606,1057,665,480,1062,484,1443,,318,886,993,255,1933,2902,336,144,466,732,649,162,31990,,,,
13.11.20,999,846,966,899,918,877,647,1007,488,441,1139,929,587,1820,1390,1424,653,596,1047,653,480,1043,453,1425,,316,868,975,248,1910,2879,328,144,465,716,637,162,31375,,,,
12.11.20,968,835,924,898,881,865,604,977,463,428,1087,878,556,1759,1335,1378,632,579,955,617,461,1022,438,1405,,283,840,962,233,1781,2800,325,137,438,701,625,159,30229,,,,
11.11.20,941,823,891,871,858,847,599,968,440,412,1054,816,529,1717,1272,1334,616,563,833,596,446,1000,424,1366,,251,804,925,227,1535,2725,312,135,346,694,615,152,28937,,,,
10.11.20,909,772,856,850,838,811,593,952,417,395,1029,800,495,1647,1199,1299,606,539,833,552,432,971,386,1329,,251,792,897,213,1535,2613,307,129,346,680,592,148,28013,,,,
09.11.20,893,765,834,821,801,796,584,928,411,382,1002,782,490,1542,1178,1261,592,534,807,545,424,966,375,1304,,243,761,878,209,1455,2499,300,128,332,669,577,148,27216,,,,
08.11.20,879,765,803,798,783,779,555,922,390,344,955,719,439,1520,1115,1229,566,516,794,493,401,949,364,1248,,238,727,831,199,1438,2456,290,128,329,655,572,142,26331,,,,
07.11.20,826,755,762,780,772,755,555,898,390,344,925,701,410,1470,1087,1202,556,495,791,493,388,925,352,1233,,237,710,810,199,1438,2386,270,125,328,637,556,141,25702,,,,
06.11.20,808,755,741,780,763,737,541,892,383,344,915,674,407,1455,1069,1163,533,490,788,482,388,914,343,1212,,235,691,801,198,1435,2349,270,125,328,622,552,141,25324,,,,
05.11.20,750,740,712,761,733,720,511,876,375,328,881,631,356,1390,1017,1120,507,478,757,453,373,878,333,1175,,225,663,756,191,1416,2235,262,119,318,599,528,137,24304,,,,
04.11.20,725,727,696,717,709,703,502,871,359,320,848,610,328,1341,966,1076,485,457,744,429,355,823,328,1140,,211,645,720,187,1359,2115,246,114,299,567,519,134,23375,,,,
03.11.20,703,717,675,711,696,660,478,847,338,302,808,559,299,1300,914,1041,465,432,714,425,324,794,320,1103,,198,613,682,185,1287,2041,244,103,288,545,508,130,22449,,,,
02.11.20,690,704,662,686,677,656,469,827,333,301,782,540,284,1240,890,1016,413,425,696,413,318,770,320,1069,,183,596,635,176,1237,1990,225,101,284,535,497,130,21770,,,,
01.11.20,636,663,630,681,661,635,447,805,325,298,689,506,274,1204,845,991,413,409,679,375,305,731,310,1046,,180,571,602,163,1209,1943,225,97,272,514,484,129,20947,,,,
31.10.20,622,663,619,669,641,620,434,795,318,294,689,502,253,1189,832,962,413,400,667,375,305,731,306,1019,,176,561,587,163,1171,1880,222,97,269,514,471,130,20559,,,,
30.10.20,622,663,609,656,630,615,425,783,306,281,663,487,242,1169,825,938,396,392,667,370,290,663,300,999,,176,547,584,164,1171,1822,218,95,261,461,468,129,20087,,,,
29.10.20,590,630,583,616,610,577,384,759,295,258,633,434,223,1087,792,906,376,372,640,341,274,663,292,951,,162,505,575,155,1104,1745,193,82,241,461,461,123,19093,,,,
28.10.20,557,605,563,616,575,539,349,754,282,252,584,414,208,1087,738,862,369,357,631,324,256,621,284,934,,158,471,526,148,1083,1745,193,79,239,436,449,117,18405,,,,
27.10.20,520,591,547,573,553,522,336,737,277,241,575,404,198,1023,732,841,354,335,614,303,248,602,279,888,,151,461,521,138,1038,1714,189,73,231,417,441,108,17775,,,,
26.10.20,516,552,528,562,501,503,324,699,276,238,549,387,193,966,701,826,344,313,593,294,243,575,277,866,,147,449,503,132,986,1642,189,71,216,384,426,106,17077,,,,
25.10.20,495,532,522,546,484,476,309,676,250,227,538,387,184,966,687,810,329,299,554,279,241,573,261,817,,135,447,495,128,885,1642,185,70,205,378,419,105,16536,,,,
24.10.20,472,506,515,543,484,464,299,657,245,227,522,363,181,936,671,795,314,296,554,279,231,563,257,777,,135,425,472,128,885,1580,184,68,205,368,404,100,16105,,,,
23.10.20,472,486,513,536,484,456,282,647,239,227,522,344,181,904,671,737,305,292,554,258,231,557,251,774,,135,392,467,124,885,1544,180,67,204,345,402,100,15768,,,,
22.10.20,446,453,498,517,463,422,270,622,230,221,500,334,171,877,657,716,286,288,536,257,207,531,234,741,,130,381,450,124,861,1500,177,64,197,321,397,95,15174,,,,
21.10.20,434,420,493,507,455,391,261,589,219,216,492,330,166,832,641,695,281,275,510,246,198,498,222,726,,118,371,441,120,836,1452,176,63,189,293,377,95,14628,,,,
20.10.20,429,400,490,498,438,368,232,572,205,212,463,324,152,825,627,671,269,269,501,229,189,496,219,696,,116,361,434,117,783,1426,174,63,186,291,369,95,14189,,,,
19.10.20,429,391,484,495,430,364,230,540,202,209,459,323,150,806,603,661,264,266,495,225,185,487,215,695,,115,356,421,117,770,1394,173,61,186,283,368,95,13947,,,,
18.10.20,421,381,479,475,414,341,226,520,200,208,452,323,150,795,621,627,264,266,476,211,183,481,205,689,,109,356,398,108,745,1371,171,61,179,281,363,92,13642,,,,
17.10.20,414,342,468,475,414,337,213,506,194,208,448,323,147,780,621,627,258,260,476,211,166,475,190,676,,109,356,398,108,745,1324,171,61,179,274,362,78,13394,,,,
16.10.20,411,305,467,466,414,336,194,489,190,208,448,307,147,775,614,627,254,255,476,211,166,470,180,668,,109,350,395,108,745,1312,170,61,179,270,362,78,13217,,,,
15.10.20,406,295,459,457,406,318,144,458,187,205,440,301,144,765,589,611,246,248,461,206,161,464,178,659,,106,343,389,107,729,1296,167,59,179,267,351,73,12874,,,,
14.10.20,400,290,448,450,406,315,141,452,181,203,426,294,144,750,562,586,242,241,451,201,161,456,177,652,,106,338,383,101,719,1275,167,58,179,261,349,72,12637,,,,
13.10.20,400,285,432,441,404,303,140,435,179,200,424,293,142,736,553,579,238,238,444,200,157,444,163,646,,103,336,382,98,705,1231,163,58,177,258,346,67,12400,,,,
12.10.20,399,284,431,422,385,299,138,409,177,194,419,293,141,731,531,562,238,237,444,199,151,442,162,638,,103,336,370,97,705,1226,163,55,177,256,344,67,12225,,,,
11.10.20,394,284,428,422,379,298,138,383,176,193,419,287,141,724,531,549,236,228,442,196,149,440,157,630,,102,334,370,97,697,1214,163,54,175,256,343,67,12096,,,,
10.10.20,392,282,420,408,379,291,137,356,174,193,414,286,141,696,531,549,236,227,436,196,149,429,153,627,,98,334,370,97,680,1166,161,54,173,249,343,67,11894,,,,
09.10.20,384,282,414,408,378,290,136,351,174,185,410,258,140,687,531,536,232,224,436,196,149,429,149,625,,98,326,370,97,680,1152,161,53,173,246,343,67,11770,,,,
08.10.20,378,272,411,399,370,288,127,326,174,184,396,244,139,673,522,517,230,221,435,193,149,426,147,618,,95,324,367,92,671,1129,160,53,173,238,341,65,11547,,,,
07.10.20,377,269,410,394,366,288,124,321,174,184,392,229,139,652,507,499,229,219,427,192,149,420,147,611,,94,318,359,91,666,1109,159,51,173,233,340,65,11377,,,,
06.10.20,376,265,403,391,355,282,124,321,174,184,389,229,136,646,507,483,227,215,426,190,148,415,147,608,,93,317,359,90,663,1097,159,51,172,227,340,64,11273,,,,
05.10.20,370,264,399,390,352,279,123,318,174,184,389,220,136,644,500,458,227,215,419,188,148,414,147,585,,91,315,355,90,654,1086,159,51,171,224,340,64,11143,,,,
04.10.20,363,264,399,389,342,273,123,316,174,184,378,214,136,644,497,458,227,211,419,188,148,414,146,585,,91,311,353,90,654,1079,158,51,171,224,339,64,11077,,,,
03.10.20,363,261,394,389,342,270,123,314,173,184,378,214,136,635,497,458,227,211,417,188,148,411,146,585,,87,311,353,90,650,1057,158,51,168,221,332,64,11006,,,,
02.10.20,360,260,394,387,342,270,123,311,172,184,369,212,136,630,497,457,227,205,415,188,147,404,145,585,,87,306,353,90,649,1054,158,51,165,215,327,63,10938,,,,
01.10.20,356,256,389,385,337,268,123,309,170,183,367,212,136,615,492,444,226,204,409,185,147,401,144,585,,87,304,350,89,636,1044,156,51,163,213,327,63,10826,,,,
30.09.20,355,253,375,384,332,263,123,307,170,183,363,211,136,611,485,419,226,204,401,185,147,395,143,583,,87,303,349,89,633,1038,154,51,163,207,326,63,10717,,,,
29.09.20,354,250,373,383,328,260,123,307,170,183,362,210,136,606,483,419,225,204,398,184,147,395,143,580,,87,302,348,89,628,1033,154,49,163,207,323,63,10669,,,,
28.09.20,354,246,366,382,327,255,123,306,169,183,357,207,135,601,473,413,225,204,393,184,146,393,143,576,,86,298,348,89,626,1031,151,49,163,207,323,63,10595,,,,
27.09.20,352,245,364,378,327,255,123,305,169,182,357,207,135,598,455,407,225,201,393,184,146,393,143,576,,86,298,344,89,626,1028,148,49,163,207,323,63,10544,,,,
26.09.20,352,245,358,378,327,254,123,304,169,182,353,207,135,594,455,407,224,201,382,184,146,393,143,572,,83,298,344,89,618,1004,148,49,161,207,321,63,10473,,,,
25.09.20,350,243,356,377,326,254,123,304,169,182,353,205,134,591,448,390,223,201,378,184,146,392,143,567,,82,295,343,89,617,1000,148,49,159,206,319,61,10407,,,,
24.09.20,350,240,354,374,324,253,123,300,169,182,346,205,133,588,435,387,222,201,370,179,146,386,143,566,,81,295,342,89,613,990,148,49,157,204,317,60,10321,,,,
23.09.20,347,237,353,371,322,252,123,300,169,182,345,202,133,584,435,378,221,199,370,179,146,381,143,562,,81,291,342,89,602,979,148,49,154,203,315,59,10246,,,,
22.09.20,346,232,349,371,322,248,123,300,169,182,340,202,133,584,435,377,220,199,364,178,151,381,143,558,,81,291,342,89,599,975,147,46,154,199,315,56,10201,,,,
21.09.20,346,232,349,369,321,244,123,300,169,181,339,200,133,584,429,375,220,196,363,178,151,379,143,551,,81,290,335,89,591,973,145,45,154,199,315,55,10147,,,,
20.09.20,343,231,352,365,317,243,123,300,169,175,339,200,132,584,429,372,220,196,362,175,151,379,143,546,,81,290,335,89,584,972,145,45,153,199,312,55,10106,,,,
19.09.20,342,231,350,365,317,243,123,300,169,175,339,200,132,583,429,367,220,196,362,175,151,378,143,538,,81,290,335,89,584,963,145,45,153,198,309,55,10075,,,,
18.09.20,339,231,347,365,317,243,122,299,168,175,336,198,131,578,427,365,220,196,362,187,150,376,143,531,,80,289,335,77,581,948,144,45,153,193,307,55,10013,,,,
17.09.20,337,230,346,364,311,243,122,299,164,171,335,197,130,575,426,363,215,196,362,184,150,375,142,528,,80,288,335,77,577,942,142,43,152,193,304,55,9953,,,,
16.09.20,337,230,346,364,307,242,121,299,160,171,332,191,130,571,422,362,215,196,362,185,148,374,142,526,,80,285,335,77,575,928,142,43,152,190,301,55,9896,,,,
15.09.20,336,230,346,362,306,240,121,299,160,169,309,191,130,571,422,361,212,196,362,184,148,373,142,522,,79,282,331,76,572,922,141,43,149,190,292,53,9822,,,,
14.09.20,333,229,344,361,306,239,120,299,160,169,308,189,130,569,420,359,211,196,360,183,145,372,142,514,,79,277,331,74,567,920,140,43,149,190,287,53,9768,,,,
13.09.20,333,229,344,361,306,238,120,299,160,169,308,189,130,569,420,355,210,196,359,183,145,372,142,513,,79,277,331,74,566,918,140,43,149,189,285,53,9754,,,,
12.09.20,333,228,341,361,306,238,120,299,160,169,305,189,130,567,420,355,210,196,356,183,145,372,142,503,,76,277,331,74,563,906,140,43,148,189,279,53,9707,,,,
11.09.20,333,225,338,361,304,238,119,296,160,164,305,189,128,562,420,351,210,196,355,181,145,363,141,501,,74,277,328,74,559,892,140,43,147,186,276,53,9634,,,,
10.09.20,330,224,335,357,302,237,119,296,154,164,303,186,128,563,420,348,209,196,354,181,144,362,141,498,,71,275,328,74,556,877,139,43,145,183,275,53,9570,,,,
09.09.20,330,220,334,356,301,235,119,294,154,164,301,186,128,554,419,348,208,196,352,181,143,363,140,495,,71,275,327,74,552,870,139,43,145,180,273,51,9521,,,,
08.09.20,330,217,333,355,300,235,119,292,154,161,301,179,127,546,419,342,207,196,352,181,143,361,139,494,,71,272,327,74,550,864,139,43,145,180,273,51,9472,,,,
07.09.20,329,213,333,354,295,234,119,292,154,161,297,177,127,545,417,336,207,196,351,175,143,352,139,489,,71,268,327,72,540,862,139,42,145,180,273,49,9403,,,,
06.09.20,319,212,333,354,291,234,119,292,153,158,297,177,127,546,417,323,207,194,351,175,143,347,139,487,,71,268,327,72,540,860,139,42,145,174,273,49,9355,,,,
05.09.20,319,211,328,353,291,234,119,290,153,158,297,177,127,543,417,323,207,194,347,175,143,347,139,485,,71,268,327,72,528,852,139,42,143,174,273,49,9315,,,,
04.09.20,318,211,328,353,291,233,119,290,153,158,297,175,127,541,415,320,204,194,344,175,142,342,139,485,,71,267,327,72,525,846,139,42,143,168,270,48,9272,,,,
03.09.20,308,211,325,352,291,233,119,288,153,157,290,175,127,537,415,314,204,193,341,175,141,342,138,481,,71,265,327,72,523,840,139,42,143,168,270,48,9218,,,,
02.09.20,304,211,324,351,290,232,119,288,153,157,287,173,127,537,414,312,203,192,341,175,141,342,138,479,,69,264,327,72,519,833,139,42,142,168,268,48,9181,,,,
01.09.20,302,210,324,350,285,231,117,288,153,156,284,170,127,532,413,312,203,192,339,175,141,340,135,478,,68,261,326,71,516,823,139,42,142,167,268,48,9128,,,,
31.08.20,293,208,323,350,284,231,117,285,153,156,284,169,127,532,410,301,203,192,338,175,140,336,135,477,,68,261,324,71,516,821,138,42,142,167,267,47,9083,,,,
30.08.20,289,208,321,350,281,231,117,284,153,156,283,169,127,531,410,301,203,192,330,175,140,335,135,476,,66,261,324,69,509,818,138,42,142,166,266,47,9045,,,,
29.08.20,289,203,321,349,281,230,117,284,153,156,281,169,126,529,410,301,203,191,330,175,140,309,135,476,,66,261,324,69,509,813,138,42,142,165,266,47,9000,,,,
28.08.20,286,202,321,349,280,230,117,284,149,154,278,163,126,529,409,299,201,189,327,176,140,284,135,475,,66,257,324,69,499,806,138,42,142,164,263,47,8920,,,,
27.08.20,283,202,319,348,272,230,114,283,147,152,276,163,125,526,405,296,201,187,325,175,136,281,134,470,,65,256,322,69,496,802,138,41,142,161,262,47,8851,,,,
26.08.20,280,201,319,348,271,230,114,282,147,152,273,161,123,525,401,293,200,185,325,175,136,279,134,467,,64,253,322,69,487,797,137,41,141,161,262,47,8802,,,,
25.08.20,278,200,318,348,271,229,114,282,147,152,268,160,122,521,399,292,194,183,318,175,136,277,133,465,,63,245,321,68,478,796,137,40,139,158,260,47,8734,,,,
24.08.20,274,200,317,348,263,225,113,281,146,152,262,155,122,519,398,288,194,182,317,174,136,277,133,464,,63,243,317,67,473,795,137,38,138,158,260,46,8675,,,,
23.08.20,268,199,316,348,263,225,113,281,146,152,261,155,122,519,398,287,194,181,317,174,136,277,132,464,,63,243,317,67,471,796,137,38,138,158,259,46,8661,,,,
22.08.20,266,199,315,348,263,225,105,281,146,152,258,155,122,516,398,287,191,181,312,174,136,276,132,461,,63,243,317,67,455,793,137,38,135,158,257,46,8608,,,,
21.08.20,265,199,313,348,255,224,103,281,146,152,256,150,121,505,395,286,190,180,310,174,136,272,131,459,,62,238,312,66,455,791,136,38,135,158,253,46,8541,,,,
20.08.20,263,198,312,345,250,223,103,279,146,152,244,150,119,503,395,283,186,180,307,174,135,271,131,456,,60,236,312,63,452,789,131,38,134,157,252,46,8475,,,,
19.08.20,261,197,294,345,250,220,101,277,146,151,234,146,119,493,389,281,185,180,302,171,135,270,131,453,,59,231,309,61,447,783,131,38,134,154,246,45,8369,,,,
18.08.20,260,197,291,345,247,218,100,277,144,151,233,141,116,481,388,275,185,178,290,171,135,269,130,452,,54,230,308,60,428,773,131,38,126,153,244,45,8264,,,,
17.08.20,256,197,288,340,241,218,98,277,144,151,226,138,116,479,379,268,182,173,290,168,130,268,130,448,,54,229,301,59,428,773,131,38,126,147,239,45,8175,,,,
16.08.20,247,197,288,340,234,217,98,275,144,149,226,138,115,479,379,268,180,173,290,168,130,266,130,446,,54,229,301,59,428,771,128,38,126,147,238,45,8141,,,,
15.08.20,245,197,287,340,234,214,98,274,144,149,220,138,115,476,379,268,180,173,290,167,130,265,130,445,,54,229,301,59,428,766,128,38,126,144,238,45,8114,,,,
14.08.20,244,192,286,339,232,214,98,273,143,148,217,138,115,472,379,267,178,172,290,167,130,266,130,440,,54,229,301,59,428,762,128,38,126,136,236,45,8072,,,,
13.08.20,244,192,285,334,224,214,94,272,143,141,216,136,115,468,377,265,178,172,288,164,130,261,130,439,,53,230,300,58,418,756,126,38,124,136,236,45,8002,,,,
12.08.20,243,189,284,334,216,214,94,272,141,141,214,135,115,468,376,258,176,172,287,164,126,258,129,436,,53,227,294,58,414,751,125,36,122,136,235,44,7937,,,,
11.08.20,241,188,283,333,214,214,94,272,141,140,214,134,115,466,375,256,175,170,284,164,126,258,129,431,,50,225,291,58,402,744,123,36,121,136,235,44,7882,,,,
10.08.20,241,188,279,333,214,214,94,272,141,139,214,132,115,465,373,256,174,171,283,163,126,258,129,430,,50,224,287,58,400,736,123,36,120,136,232,44,7850,,,,
09.08.20,238,187,279,333,211,215,94,269,140,139,213,132,115,465,373,250,174,171,283,162,125,258,129,426,,50,224,287,58,400,733,123,36,120,136,232,44,7824,,,,
08.08.20,235,187,278,333,211,211,93,263,140,139,209,132,115,458,373,250,174,170,283,160,125,258,129,424,,50,224,287,58,384,725,123,36,116,135,231,44,7763,,,,
07.08.20,231,187,275,332,211,211,93,263,138,139,208,132,114,457,370,246,171,167,283,160,125,257,129,415,,50,224,285,57,382,717,122,36,116,135,231,44,7713,,,,
06.08.20,231,187,275,332,210,209,93,262,138,139,208,132,114,454,370,246,171,167,284,160,123,257,129,411,,50,223,285,57,372,717,122,34,115,135,231,44,7687,,,,
05.08.20,230,187,274,332,208,209,93,259,138,138,207,128,114,452,367,244,169,166,281,157,123,248,128,404,,50,223,284,57,368,715,121,34,115,129,231,44,7627,,,,
04.08.20,228,187,273,331,208,209,93,258,138,138,207,128,105,450,367,244,168,166,281,157,123,248,127,404,,50,223,284,57,362,713,121,34,115,129,231,44,7601,,,,
03.08.20,225,187,273,330,207,209,93,256,138,138,201,123,105,447,359,240,168,164,280,157,123,243,127,395,,50,223,282,57,359,712,119,34,115,128,231,44,7542,,,,
02.08.20,225,187,273,330,207,209,93,251,138,138,200,123,105,446,359,240,168,164,280,157,123,243,127,395,,50,223,282,57,359,712,119,34,115,128,231,44,7535,,,,
01.08.20,224,187,273,330,207,209,93,251,138,138,200,123,102,445,359,240,168,164,280,157,123,243,127,395,,50,223,282,57,359,711,119,34,115,128,229,44,7527,,,,
31.07.20,224,186,273,330,207,208,93,251,138,138,200,123,102,444,359,240,168,164,280,157,123,243,127,395,,48,223,278,57,358,711,118,34,115,128,229,44,7516,,,,
30.07.20,224,186,273,330,206,207,93,244,138,138,200,122,102,443,359,236,168,162,279,157,123,240,127,395,,47,222,275,57,358,709,118,34,115,128,229,44,7488,,,,
29.07.20,224,186,273,330,206,206,93,244,138,138,200,121,102,443,359,235,168,162,278,157,123,239,126,394,,47,223,275,57,357,707,118,34,115,124,229,44,7475,,,,
28.07.20,223,185,273,329,206,203,93,242,138,138,200,114,99,444,359,233,168,161,277,157,123,236,126,391,,47,228,274,57,352,706,118,34,115,124,228,44,7445,,,,
27.07.20,223,185,273,329,206,203,93,242,138,138,200,114,99,442,359,231,168,161,277,157,123,236,126,390,,47,227,273,57,352,702,118,34,115,124,228,44,7434,,,,
26.07.20,222,185,273,329,206,203,93,235,138,138,200,114,99,442,359,231,168,161,277,157,123,236,126,390,,47,227,273,57,352,702,118,34,115,124,228,44,7426,,,,
25.07.20,221,185,273,329,206,197,93,234,138,138,200,114,99,442,359,231,168,161,277,157,123,234,126,390,,47,227,273,57,352,698,118,34,115,124,228,44,7412,,,,
24.07.20,221,185,272,329,206,196,93,234,138,138,200,113,99,439,359,231,168,161,277,156,123,234,125,390,,47,226,273,58,350,695,118,34,114,124,228,44,7398,,,,
23.07.20,221,182,272,329,205,193,93,230,138,138,200,113,99,439,359,231,168,161,277,156,123,233,125,389,,47,226,273,57,350,694,118,34,114,123,228,44,7382,,,,
22.07.20,220,180,272,329,204,189,93,230,138,138,200,113,99,439,359,231,168,161,277,155,123,232,125,389,,47,226,273,57,350,693,112,34,114,123,228,44,7365,,,,
21.07.20,220,180,272,329,204,187,93,228,138,138,199,113,98,439,357,230,168,159,276,155,121,230,124,389,,47,223,271,57,349,689,112,34,114,123,228,44,7338,,,,
20.07.20,220,180,272,329,204,187,92,225,138,138,199,113,98,439,357,229,168,159,276,155,121,230,124,389,,47,216,271,57,346,689,112,33,111,123,227,44,7318,,,,
19.07.20,218,180,272,329,204,186,92,215,138,138,199,113,99,439,357,229,168,159,276,155,121,230,124,389,,47,216,271,57,346,689,112,33,111,123,227,44,7306,,,,
18.07.20,218,180,272,329,204,185,92,215,138,138,199,113,98,439,354,229,168,159,276,155,121,225,124,389,,47,216,271,57,346,687,112,33,111,120,227,44,7291,,,,
17.07.20,218,180,272,329,204,184,92,215,138,138,199,111,98,439,352,228,168,159,274,155,121,225,124,389,,47,215,270,57,344,686,112,33,111,120,227,44,7278,,,,
16.07.20,218,180,272,329,204,182,92,211,138,138,199,111,98,439,352,227,168,159,274,155,116,222,124,388,,47,215,270,57,344,685,111,33,111,119,227,44,7259,,,,
15.07.20,214,179,272,329,204,182,92,206,138,138,199,111,97,438,351,226,168,159,274,155,115,220,124,384,,47,215,270,57,343,685,111,31,110,117,227,44,7232,,,,
14.07.20,214,178,272,329,204,182,92,205,138,138,197,108,96,438,351,225,167,159,274,155,114,219,124,383,,47,205,270,57,343,685,111,31,110,117,227,44,7209,,,,
13.07.20,207,178,272,329,203,182,91,204,138,138,197,108,96,437,351,217,167,159,273,155,113,213,124,383,,47,200,270,57,343,685,111,31,109,114,227,44,7173,,,,
12.07.20,207,178,272,329,203,182,91,200,138,138,197,108,96,437,351,217,167,159,273,155,113,211,124,383,,47,200,270,57,343,685,111,31,109,113,227,44,7166,,,,
11.07.20,207,178,272,329,203,181,91,199,138,138,195,108,96,436,351,217,167,159,270,155,108,210,124,383,,47,200,270,57,342,684,111,31,109,112,227,44,7149,,,,
10.07.20,207,178,271,329,203,181,91,199,138,138,193,108,96,435,351,217,167,159,270,155,108,207,124,383,,47,196,269,57,341,683,111,31,109,106,225,44,7127,,,,
09.07.20,207,178,271,329,203,181,91,199,138,138,188,108,96,435,350,216,166,159,270,155,108,207,123,383,,47,195,265,57,341,682,109,31,108,106,224,44,7108,,,,
08.07.20,207,178,271,329,203,180,91,199,138,138,188,108,96,435,350,216,166,159,269,155,106,206,123,383,,47,195,265,57,341,682,109,31,106,105,224,44,7100,,,,
07.07.20,207,177,271,329,203,178,91,199,138,138,187,108,96,435,350,216,166,159,269,155,106,205,123,383,,47,193,265,57,341,682,107,31,106,105,224,44,7091,,,,
06.07.20,207,177,271,329,203,178,90,199,138,138,187,108,96,435,349,216,166,159,268,155,106,205,123,383,,47,193,265,57,337,681,107,31,106,105,224,44,7083,,,,
05.07.20,207,173,271,329,203,178,90,199,138,138,187,108,96,435,349,215,166,159,268,155,106,205,123,381,,47,193,265,56,337,681,107,31,106,104,224,44,7074,,,,
04.07.20,206,172,271,329,203,178,90,199,138,138,187,108,96,435,349,215,166,159,268,155,106,205,123,381,,47,193,265,56,337,681,107,31,106,104,224,44,7072,,,,
03.07.20,206,172,271,329,202,177,90,199,137,138,187,108,96,433,349,215,166,159,270,155,106,205,123,381,,47,192,265,56,334,681,107,31,105,104,224,44,7064,,,,
02.07.20,201,172,271,329,202,177,90,199,137,137,170,108,96,433,349,215,166,159,266,155,106,203,123,380,,47,192,265,56,334,681,106,31,101,103,224,44,7028,,,,
01.07.20,201,172,271,329,202,177,90,199,137,137,170,108,96,433,349,215,166,159,266,155,106,203,123,380,,47,192,265,56,334,680,106,31,101,103,224,44,7027,,,,
30.06.20,196,172,271,329,202,176,90,199,137,137,161,107,92,433,349,215,166,159,263,155,106,203,123,380,,47,192,265,56,332,679,106,31,101,103,224,44,7001,,,,
29.06.20,196,172,271,329,202,176,90,199,137,137,160,106,92,433,349,215,166,159,262,155,106,203,122,371,,47,192,265,56,332,679,105,31,101,103,224,44,6987,,,,
28.06.20,196,172,271,329,202,176,90,199,137,137,154,106,91,433,349,215,166,159,262,155,106,203,122,371,,47,192,265,56,332,678,105,31,101,103,224,44,6979,,,,
27.06.20,196,172,271,329,202,175,90,198,137,137,151,106,91,433,348,215,166,159,259,155,106,203,122,370,,47,192,265,56,329,678,105,31,101,103,224,44,6966,,,,
26.06.20,195,172,271,329,202,174,90,197,137,137,149,106,91,433,348,215,166,159,258,155,106,203,122,370,,47,191,265,56,327,678,105,31,98,103,224,44,6954,,,,
25.06.20,195,172,271,329,202,173,90,197,137,137,147,105,91,433,348,215,166,159,257,154,106,202,120,370,,47,188,265,56,327,677,105,31,97,103,224,44,6940,,,,
24.06.20,195,172,271,329,202,173,90,197,136,137,146,105,91,433,348,215,166,159,257,154,106,201,119,370,,47,188,265,56,327,676,105,31,95,103,224,43,6932,,,,
23.06.20,195,172,270,329,202,171,90,187,136,137,146,104,91,433,348,215,166,159,257,154,106,200,119,370,,47,188,265,56,327,676,104,31,95,103,224,41,6914,,,,
22.06.20,195,172,270,329,202,171,90,187,135,137,146,104,91,433,348,215,166,159,257,154,106,200,119,370,,47,187,265,56,327,676,104,31,95,103,223,41,6911,,,,
21.06.20,195,172,270,329,201,171,90,187,135,137,145,104,91,433,348,215,166,159,257,154,106,200,119,370,,47,187,265,56,327,676,104,31,95,103,223,41,6909,,,,
20.06.20,195,172,270,329,201,171,90,187,135,137,145,104,91,433,348,215,166,159,251,154,106,200,119,367,,47,187,265,56,327,676,104,31,95,103,223,40,6899,,,,
19.06.20,195,172,270,329,201,169,90,187,134,137,145,104,91,432,348,215,166,159,251,153,106,198,119,367,,47,187,264,56,327,674,104,31,95,103,223,40,6889,,,,
18.06.20,195,167,270,329,201,168,90,185,134,137,145,104,91,432,347,215,166,159,250,151,106,198,119,366,,47,187,264,56,327,674,104,31,95,103,223,39,6875,,,,
17.06.20,195,167,270,330,201,167,90,185,134,137,145,104,91,432,342,215,166,159,250,151,106,195,118,365,,44,187,264,56,327,674,104,31,94,102,223,37,6858,,,,
16.06.20,195,165,269,330,200,167,90,185,134,137,145,104,91,432,341,215,166,159,250,151,106,195,118,363,,44,187,264,56,326,674,104,31,91,102,222,37,6846,,,,
15.06.20,195,165,269,329,199,167,90,184,134,137,145,104,91,431,341,215,166,159,250,151,106,195,118,363,,44,187,264,56,326,669,104,31,91,102,222,36,6836,,,,
14.06.20,195,165,268,329,199,167,90,184,134,137,145,104,91,431,341,215,166,159,250,151,106,195,118,361,,44,187,264,56,326,669,104,31,91,102,221,36,6832,,,,
13.06.20,195,165,268,329,199,166,90,184,134,137,145,104,91,431,341,215,166,159,250,151,106,195,118,361,,44,187,264,56,326,669,104,31,91,102,221,36,6831,,,,
12.06.20,194,165,268,327,199,166,90,184,134,137,145,105,91,431,341,214,166,159,248,151,106,195,118,361,,44,186,264,56,326,668,104,31,90,102,221,36,6823,,,,
11.06.20,194,165,268,327,199,166,90,184,134,137,145,104,91,430,341,214,166,159,248,151,106,195,118,361,,44,186,264,56,326,667,104,31,90,102,220,36,6819,,,,
10.06.20,194,165,268,326,198,166,90,184,134,137,145,104,91,430,341,214,166,159,246,151,106,195,118,361,,44,186,264,56,325,667,104,31,89,102,220,36,6813,,,,
09.06.20,194,165,268,326,198,166,90,184,131,137,145,104,91,429,341,214,166,159,246,151,106,195,118,361,,44,185,263,56,325,659,104,31,88,102,220,36,6798,,,,
08.06.20,193,165,266,326,198,166,90,184,131,136,145,104,91,429,341,214,166,159,241,151,106,195,118,361,,44,184,263,56,321,653,104,31,87,102,220,36,6777,,,,
07.06.20,193,165,266,326,198,165,90,184,131,136,145,104,91,429,341,214,166,159,241,151,106,195,118,361,,44,184,263,56,321,652,104,31,87,102,220,36,6775,,,,
06.06.20,192,165,266,326,198,164,90,184,131,136,145,104,91,428,341,214,166,159,241,151,106,195,118,361,,44,183,263,56,321,650,104,31,87,102,220,36,6769,,,,
05.06.20,189,165,266,326,198,164,90,184,131,136,145,102,91,428,341,214,166,159,239,151,106,195,118,361,,44,175,263,56,320,649,104,31,87,102,220,36,6752,,,,
04.06.20,189,165,266,325,198,162,90,184,131,136,145,102,91,427,341,214,166,159,238,151,106,195,118,360,,44,170,263,56,318,636,104,31,87,102,220,36,6726,,,,
03.06.20,189,165,266,324,198,162,90,184,129,135,145,102,91,427,341,214,162,159,236,151,106,195,118,359,,44,170,263,56,317,636,104,31,86,102,220,36,6713,,,,
02.06.20,188,165,266,324,196,162,89,184,129,135,145,102,91,427,341,213,162,158,236,151,106,195,118,359,,44,170,263,56,313,634,103,31,86,102,220,36,6700,,,,
01.06.20,188,165,266,324,196,162,89,184,129,135,145,102,91,427,341,213,162,158,236,151,106,195,118,359,,44,169,263,56,313,634,103,31,86,102,220,36,6699,,,,
31.05.20,188,165,266,324,196,161,89,184,129,135,145,102,91,427,341,213,162,158,236,151,106,195,118,359,,44,169,263,56,313,634,103,31,86,102,220,36,6698,,,,
30.05.20,188,165,265,324,196,161,89,184,129,135,145,102,91,427,340,213,162,158,236,151,106,195,118,357,,44,167,263,56,313,631,103,31,86,102,220,36,6689,,,,
29.05.20,187,165,265,324,196,159,89,184,129,135,145,102,91,428,340,211,161,158,235,151,106,195,118,357,,44,167,263,56,312,625,103,31,85,102,217,36,6672,,,,
28.05.20,186,165,265,324,196,158,89,184,129,135,146,102,91,428,340,211,161,158,235,151,106,195,118,357,,43,167,263,56,311,624,103,31,85,102,217,36,6668,,,,
27.05.20,186,164,265,324,196,154,89,184,128,135,146,102,91,425,340,211,161,158,232,151,106,195,118,356,,43,167,263,56,309,622,103,31,84,102,211,36,6644,,,,
26.05.20,184,163,265,324,196,154,88,184,128,135,146,102,91,424,340,211,161,158,230,151,106,195,118,356,,43,165,263,56,307,585,103,31,84,102,211,36,6596,,,,
25.05.20,184,162,265,324,196,154,88,184,128,134,146,102,91,424,340,211,161,158,230,151,106,195,118,356,,43,165,263,56,307,585,103,31,84,102,211,36,6594,,,,
24.05.20,182,162,265,324,196,154,88,184,128,134,146,102,91,425,340,211,161,158,230,150,106,195,118,356,,43,165,263,56,307,585,103,31,84,102,211,36,6592,,,,
23.05.20,182,162,265,324,196,154,88,184,128,134,146,102,91,423,340,211,161,158,230,150,106,195,118,356,,43,163,263,56,307,585,103,31,84,102,209,36,6586,,,,
22.05.20,180,162,265,324,196,154,88,184,128,134,146,102,91,421,340,211,161,158,230,150,106,195,118,356,,43,161,263,56,306,583,103,31,84,101,209,36,6576,,,,
21.05.20,177,162,262,324,196,154,88,184,128,133,146,102,91,421,340,211,161,158,230,150,106,195,118,356,,43,160,263,56,306,581,103,31,84,101,205,36,6562,,,,
20.05.20,176,162,261,324,196,153,88,183,128,133,144,101,91,419,340,211,161,158,230,150,106,195,118,356,,42,156,263,56,303,576,103,31,84,101,204,36,6539,,,,
19.05.20,175,157,260,324,196,153,87,183,128,133,142,101,91,419,340,210,161,158,226,150,106,194,118,353,,42,154,264,56,302,576,103,31,84,101,203,36,6517,,,,
18.05.20,173,157,260,324,196,153,85,183,128,133,141,101,90,419,340,210,161,161,224,150,106,194,118,351,,42,147,264,56,302,576,103,31,84,101,201,36,6501,,,,
17.05.20,163,156,260,324,196,153,85,183,128,133,141,101,90,418,340,210,161,161,224,150,106,194,118,351,,42,147,263,56,302,575,103,30,84,101,201,36,6486,,,,
16.05.20,158,155,259,324,196,151,85,183,128,133,140,101,90,408,339,210,161,161,224,150,106,192,118,348,,42,142,263,56,301,566,103,30,84,102,200,36,6445,,,,
15.05.20,158,155,259,324,196,151,85,183,128,133,140,101,90,410,339,210,161,161,222,150,106,194,118,348,,42,142,263,56,299,562,103,30,84,100,200,36,6439,,,,
14.05.20,155,155,256,320,195,147,84,182,128,132,139,101,90,409,339,210,161,161,223,150,106,192,118,346,,42,142,263,56,291,561,103,30,83,100,200,36,6406,,,,
13.05.20,155,155,251,318,195,145,84,181,128,130,139,100,90,407,339,210,161,161,215,150,106,192,118,346,,42,140,263,56,291,559,102,30,83,100,200,36,6378,,,,
12.05.20,154,155,247,317,193,144,84,179,127,126,139,99,90,405,339,210,161,161,215,150,106,192,118,345,,42,139,263,56,291,554,102,30,83,100,199,36,6351,,,,
11.05.20,150,156,245,316,193,143,84,178,127,125,138,99,89,405,339,210,161,160,214,150,106,192,117,344,,42,139,263,56,288,552,102,30,83,100,194,35,6325,,,,
10.05.20,144,155,245,316,193,140,84,178,127,125,138,99,89,406,339,210,161,160,213,150,106,192,117,344,,42,139,263,56,285,551,102,30,82,100,193,35,6309,,,,
09.05.20,140,155,242,316,193,140,84,177,127,125,138,99,89,402,339,210,161,160,212,150,106,192,117,343,,42,137,263,56,284,546,102,30,82,100,193,35,6287,,,,
08.05.20,138,155,242,316,192,140,84,177,127,119,138,98,89,402,339,210,161,158,211,150,106,192,117,341,,42,134,263,56,283,543,102,30,82,100,193,35,6265,,,,
07.05.20,138,155,234,316,192,135,84,177,127,119,138,97,89,398,339,210,161,156,210,150,106,192,116,333,,41,134,263,56,281,536,102,30,82,100,191,35,6223,,,,
06.05.20,138,155,234,316,192,134,84,176,127,119,138,97,88,393,339,210,161,155,210,150,106,191,116,333,,41,132,263,57,279,532,102,30,81,99,190,35,6203,,,,
05.05.20,138,154,227,315,189,133,84,175,127,119,137,97,88,393,347,209,159,155,210,150,106,191,115,332,,41,131,255,57,279,525,102,30,81,99,190,35,6175,,,,
04.05.20,136,153,227,315,187,133,84,174,127,119,137,97,87,389,347,209,161,153,209,149,106,187,115,332,,41,130,257,57,278,519,102,30,81,99,190,35,6152,,,,
03.05.20,136,153,227,315,187,133,84,174,127,118,137,97,87,389,347,209,161,153,209,148,106,185,115,332,,41,130,257,56,278,519,102,30,81,99,190,35,6147,,,,
02.05.20,127,152,227,315,187,132,83,174,127,118,137,97,87,389,347,209,161,153,209,148,106,185,115,332,,41,130,256,56,274,519,102,30,81,99,190,35,6130,,,,
01.05.20,125,152,227,314,187,131,83,172,127,118,137,97,87,386,347,209,161,153,208,148,106,185,113,330,,41,123,256,56,272,513,102,30,81,99,185,35,6096,,,,
30.04.20,123,150,221,320,186,130,83,172,127,118,137,97,87,385,346,209,161,152,206,146,106,182,110,327,,41,117,256,56,270,509,93,30,81,97,182,35,6048,,,,
29.04.20,120,147,208,321,186,129,81,169,126,116,137,97,86,383,341,216,172,152,206,145,105,175,109,326,,41,117,253,56,267,504,92,30,73,96,179,35,5996,,,,
28.04.20,117,147,208,318,186,128,81,167,126,116,137,97,86,382,341,216,159,152,204,145,105,174,109,326,,41,115,253,56,265,495,92,30,72,96,179,35,5956,,,,
27.04.20,112,142,195,316,186,128,80,167,126,114,135,97,86,379,341,215,159,151,203,145,104,173,109,326,,39,110,253,54,264,494,92,30,67,96,178,35,5901,,,,
26.04.20,112,140,191,316,186,128,80,167,126,114,134,97,86,376,339,215,159,151,202,144,104,173,109,325,,39,110,249,54,263,494,92,30,65,95,173,35,5873,,,,
25.04.20,112,135,183,312,186,127,80,165,126,114,134,97,86,373,337,215,159,150,201,144,103,173,109,324,,38,110,245,54,261,488,92,30,65,95,173,35,5831,,,,
24.04.20,112,135,172,309,184,127,80,161,126,114,134,96,86,364,337,213,159,149,202,144,103,171,109,321,,38,110,243,54,260,468,92,30,62,94,167,35,5761,,,,
23.04.20,112,135,172,309,182,127,78,160,126,112,133,96,85,360,335,213,158,149,200,142,103,169,108,318,,38,109,242,53,257,464,92,30,59,94,167,35,5722,,,,
22.04.20,112,127,170,307,178,124,77,160,126,112,130,95,84,348,335,214,155,149,195,141,101,166,108,318,,37,109,239,52,252,447,90,30,58,94,163,35,5638,,,,
21.04.20,112,127,162,305,177,123,73,160,124,110,125,95,84,324,333,214,155,147,193,141,101,164,106,317,,36,106,237,52,250,437,90,30,55,94,159,35,5553,,,,
20.04.20,111,127,162,304,166,122,70,156,124,105,124,95,83,322,332,214,154,147,193,141,101,164,102,315,,36,105,236,52,250,435,90,30,55,94,159,35,5511,,,,
19.04.20,111,127,162,301,166,122,70,156,124,105,122,95,83,321,331,213,152,147,193,141,101,162,102,315,,36,104,234,52,249,434,90,30,55,94,158,35,5493,,,,
18.04.20,111,119,158,288,166,122,68,151,124,105,117,95,83,318,329,213,152,145,188,141,101,162,102,310,,33,101,229,51,241,423,89,30,53,94,155,35,5402,,,,
17.04.20,110,118,151,288,162,121,68,149,122,105,117,94,83,310,325,212,149,143,184,140,100,159,101,296,,33,97,226,50,232,390,89,30,52,92,147,34,5279,,,,
16.04.20,110,108,146,279,160,116,66,145,122,101,115,92,81,297,321,208,148,134,172,137,97,153,101,292,,32,96,226,50,235,378,89,30,52,90,145,32,5156,,,,
15.04.20,110,106,144,275,154,116,66,132,121,99,114,90,80,280,316,208,142,133,162,138,96,149,99,289,,32,90,220,50,228,363,87,27,51,90,143,32,5032,,,,
14.04.20,109,99,135,273,148,114,64,132,121,97,114,88,81,272,315,197,138,131,162,135,95,144,99,288,,31,88,214,50,222,358,86,27,50,90,141,31,4939,,,,
13.04.20,109,99,132,271,145,111,64,129,121,87,114,87,80,268,314,197,137,131,159,135,93,137,93,274,,31,88,212,49,202,355,86,26,48,88,140,30,4842,,,,
12.04.20,108,93,132,268,145,111,62,128,121,87,114,87,77,267,313,197,136,129,157,135,93,133,93,271,,31,88,211,49,172,355,86,26,48,83,137,30,4773,,,,
11.04.20,108,92,129,254,145,110,62,128,121,87,113,86,76,268,306,197,135,128,156,135,82,132,93,270,,31,86,210,49,167,348,81,26,47,83,134,26,4701,,,,
10.04.20,103,88,120,254,145,107,58,128,121,86,102,83,72,257,296,197,133,126,156,131,82,129,90,262,,31,84,206,49,164,343,81,26,45,84,127,26,4592,,,,
09.04.20,103,76,107,244,145,98,51,126,121,81,101,80,69,234,289,192,130,123,149,125,80,127,89,257,,27,82,199,49,160,317,81,24,41,83,121,26,4407,,,,
08.04.20,100,74,107,234,141,94,47,126,121,75,96,77,63,214,285,184,129,118,142,124,79,122,86,238,,27,81,197,45,155,299,77,24,38,81,121,26,4247,,,,
07.04.20,99,71,103,230,136,87,47,125,116,73,91,71,63,205,272,172,125,115,137,124,77,115,86,207,,27,74,183,45,149,277,75,24,37,75,114,25,4052,,,,
06.04.20,91,64,103,222,135,85,46,123,116,71,91,69,63,200,263,156,124,114,137,121,72,104,82,198,,27,73,171,44,144,265,73,24,37,71,114,24,3917,,,,
05.04.20,88,62,103,220,131,80,46,121,116,70,91,66,63,199,259,156,124,112,134,120,72,104,82,193,,27,73,164,43,126,265,71,24,35,71,112,24,3847,,,,
04.04.20,83,60,98,207,131,76,44,119,116,70,84,64,59,184,252,156,118,104,113,114,64,103,65,184,,25,69,163,42,109,238,67,20,34,70,102,20,3627,,,,
03.04.20,80,58,93,200,127,75,40,115,113,68,71,63,56,168,242,155,115,104,113,110,56,96,64,177,,25,64,156,41,109,222,63,20,34,69,86,18,3466,,,,
02.04.20,75,57,91,189,108,67,39,113,112,63,71,62,52,154,255,142,111,96,105,100,53,92,59,171,,24,61,134,39,92,212,62,19,31,65,83,17,3276,,,,
01.04.20,71,52,87,179,108,67,31,103,108,60,67,59,48,119,244,139,106,86,92,94,47,83,52,155,,22,58,131,34,86,196,57,15,29,60,79,12,3036,,,,
31.03.20,66,50,83,170,95,62,31,97,100,59,68,54,45,117,233,134,104,85,62,80,44,79,51,143,,19,53,124,33,73,187,55,15,24,60,73,11,2839,,,,
30.03.20,62,48,82,162,59,57,30,93,99,58,62,54,44,115,220,127,102,79,60,76,40,76,48,135,,16,53,119,31,74,182,52,15,22,57,68,9,2686,,,,
29.03.20,60,45,79,160,59,49,29,91,97,52,59,54,43,113,214,120,100,76,60,68,37,56,39,131,,16,52,118,29,54,180,50,12,22,44,68,9,2545,,,,
28.03.20,57,39,74,146,59,46,27,79,90,52,56,50,35,103,214,120,89,71,60,64,32,50,39,124,,16,51,105,26,54,144,44,12,22,37,61,9,2357,,,,
27.03.20,53,34,71,136,59,39,23,77,41,50,51,46,32,91,198,117,79,65,44,61,30,47,35,111,,13,48,97,23,45,125,43,12,14,29,57,5,2101,,,,
26.03.20,51,29,61,118,59,33,19,54,40,35,45,43,31,84,188,107,71,58,41,46,23,45,32,102,,12,45,92,14,37,115,38,11,14,23,53,4,1873,,,,
25.03.20,46,23,56,111,54,30,17,49,40,32,32,39,30,76,181,87,64,50,39,43,19,20,31,95,,12,37,85,14,31,99,15,7,12,11,46,4,1637,,,,
24.03.20,45,21,56,109,49,28,17,49,40,32,25,23,25,65,159,85,55,48,34,36,17,19,29,93,,12,25,67,7,25,90,15,7,13,11,46,3,1480,,,,
23.03.20,41,17,78,94,37,22,10,46,40,29,25,23,23,57,151,75,48,37,9,32,16,19,29,78,,11,21,61,7,17,82,11,6,7,11,12,3,1285,,,,
22.03.20,40,17,68,83,37,21,5,44,40,17,25,14,21,54,136,59,47,34,9,31,12,19,28,62,,11,14,57,5,17,81,10,3,7,11,8,2,1149,,,,
21.03.20,37,14,69,72,37,18,5,39,40,17,25,14,19,47,120,59,45,33,9,31,11,19,28,62,,11,14,49,5,17,62,10,1,7,11,4,1,1062,,,,
20.03.20,31,13,59,56,23,16,5,32,38,12,22,12,18,37,105,53,37,32,8,28,3,19,22,51,,9,13,36,4,13,55,7,1,8,11,1,0,890,,,,
19.03.20,24,11,49,48,23,9,4,29,32,12,11,12,15,30,102,41,35,25,6,24,2,10,17,46,,3,13,33,2,12,45,7,0,7,9,1,0,749,,,,
18.03.20,14,6,37,35,21,7,2,22,29,9,10,11,15,24,90,36,30,14,4,22,2,8,13,42,,2,11,24,1,10,35,6,0,4,6,1,0,603,,,,
17.03.20,10,5,12,19,19,6,1,21,23,2,8,8,14,20,62,30,24,9,2,21,1,7,10,22,,1,11,21,1,6,28,4,0,2,5,0,0,435,,,,
16.03.20,7,3,8,16,13,4,0,16,11,2,8,6,13,17,38,20,21,6,1,10,0,0,9,19,,1,8,13,1,1,19,1,0,2,3,0,0,297,,,,
15.03.20,3,2,8,15,13,4,0,12,6,2,4,3,13,17,13,10,14,6,1,1,0,0,3,11,,1,6,8,0,1,17,1,0,2,3,0,0,200,,,,
14.03.20,3,1,2,13,13,4,0,6,3,2,4,3,13,18,11,10,7,6,1,1,0,0,3,5,,1,6,8,0,1,11,1,0,2,3,0,0,162,,,,
13.03.20,2,0,2,7,0,3,0,4,2,2,2,2,1,10,7,8,6,5,1,1,0,0,3,2,,1,6,8,0,1,11,1,0,0,3,0,0,101,,,,
12.03.20,0,0,0,6,0,3,0,1,0,1,2,2,0,3,4,1,4,4,0,1,0,0,3,1,,0,5,6,0,1,3,1,0,0,0,0,0,52,,,,
11.03.20,0,0,0,4,1,1,0,1,0,0,1,0,0,1,2,2,1,0,1,1,0,0,2,0,,0,4,6,0,0,1,0,0,0,0,0,0,29,,,,

